0,0,0,-3.639,0.418,-0.67,1.7790000000000001,-0.168,1.6269999999999998,-0.38799999999999996,0.529,-0.8740000000000001,-0.8140000000000001
1,0,0,-3.327,0.496,-0.6940000000000001,1.365,-0.265,1.933,-0.363,0.51,-0.621,-0.488
2,0,0,-2.12,0.894,-1.5759999999999998,0.147,-0.7070000000000001,1.5590000000000002,-0.579,0.6759999999999999,-0.809,-0.049
3,0,0,-2.5980000000000003,1.9380000000000002,-0.846,1.062,-1.633,0.764,0.39399999999999996,-0.15,0.27699999999999997,-0.396
4,0,0,-3.4819999999999998,2.524,-0.433,1.048,-1.995,0.902,0.322,0.45,0.377,-0.366
5,0,0,-3.9410000000000003,2.305,0.124,1.771,-1.815,0.593,-0.435,0.992,0.575,-0.301
6,0,0,-3.86,2.116,-0.9390000000000001,0.688,-0.675,1.679,-0.512,0.9279999999999999,-0.16699999999999998,-0.434
7,0,0,-3.648,1.8119999999999998,-1.3780000000000001,1.578,0.065,1.577,-0.466,0.7020000000000001,0.06,-0.836
8,0,0,-3.032,1.739,-1.141,0.737,-0.8340000000000001,1.386,-0.575,0.679,-0.018000000000000002,-0.823
9,0,0,-3.653,0.373,-0.6,1.705,-0.222,1.765,-0.353,0.537,-0.797,-0.813
10,0,0,-3.237,0.436,-0.86,1.3630000000000002,-0.251,1.915,-0.395,0.7509999999999999,-0.774,-0.327
11,0,0,-2.135,0.9540000000000001,-1.632,0.121,-0.7040000000000001,1.6,-0.628,0.713,-0.903,-0.027000000000000003
12,0,0,-2.3040000000000003,1.784,-1.506,0.981,-0.961,0.8059999999999999,-0.294,-0.002,0.11900000000000001,-0.76
13,0,0,-2.54,2.144,-1.024,0.9329999999999999,-1.567,1.024,0.188,-0.047,0.309,-0.633
14,0,0,-3.582,2.374,-0.358,1.162,-1.953,0.621,0.33899999999999997,0.355,0.415,-0.259
15,0,0,-3.951,2.25,0.127,1.7719999999999998,-1.906,0.5670000000000001,-0.43200000000000005,1.045,0.598,-0.293
16,0,0,-3.783,1.974,-1.2,0.606,-0.65,1.504,-0.134,0.528,0.392,-0.58
17,0,0,-3.673,1.811,-1.405,1.621,0.044000000000000004,1.5719999999999998,-0.45299999999999996,0.745,-0.066,-0.733
18,0,0,-2.946,1.649,-1.167,0.7879999999999999,-0.909,1.3,-0.562,0.902,-0.07,-0.8420000000000001
19,0,0,-3.665,0.337,-0.6409999999999999,1.791,-0.19399999999999998,1.686,-0.359,0.57,-0.6759999999999999,-0.841
20,0,0,-3.165,0.408,-0.971,1.207,-0.298,1.921,-0.215,0.723,-0.49200000000000005,-0.425
21,0,0,-2.105,1.035,-1.705,0.231,-0.5579999999999999,1.554,-0.649,0.71,-0.855,-0.151
22,0,0,-2.312,1.746,-1.51,1.0190000000000001,-0.99,0.941,-0.488,0.20800000000000002,0.033,-0.847
23,0,0,-2.635,2.147,-1.129,0.9109999999999999,-1.4069999999999998,1.095,-0.071,0.11800000000000001,0.139,-0.685
24,0,0,-2.887,2.131,-0.83,0.682,-1.557,0.818,0.44799999999999995,-0.382,0.207,-0.402
25,0,0,-3.986,2.325,0.102,1.633,-2.0140000000000002,0.5760000000000001,-0.344,1.003,0.5660000000000001,-0.245
26,0,0,-3.74,1.8319999999999999,-1.3840000000000001,1.587,0.049,1.642,-0.516,0.7070000000000001,-0.16899999999999998,-0.522
27,0,0,-2.859,1.6269999999999998,-1.14,0.769,-0.948,1.39,-0.608,0.956,-0.204,-0.727
28,0,0,-3.6239999999999997,0.305,-0.708,1.758,-0.19399999999999998,1.675,-0.273,0.561,-0.5770000000000001,-0.843
29,0,0,-3.062,0.35100000000000003,-1.071,1.061,-0.355,1.99,-0.21,0.7959999999999999,-0.358,-0.299
30,0,0,-2.081,1.05,-1.778,0.41100000000000003,-0.518,1.46,-0.5760000000000001,0.735,-0.866,-0.172
31,0,0,-2.289,1.845,-1.6159999999999999,0.987,-0.8759999999999999,1.044,-0.5489999999999999,0.196,-0.07,-0.8140000000000001
32,0,0,-2.7239999999999998,2.0669999999999997,-1.1420000000000001,0.9229999999999999,-1.157,1.17,-0.276,0.172,-0.008,-0.649
33,0,0,-4.074,2.281,0.152,1.556,-1.6130000000000002,-0.047,0.222,0.252,0.775,0.125
34,0,0,-3.6180000000000003,1.5759999999999998,-1.14,0.6990000000000001,-0.741,1.633,-0.387,1.0859999999999999,0.235,-0.38799999999999996
35,0,0,-3.687,1.784,-1.5930000000000002,1.6030000000000002,0.12300000000000001,1.4240000000000002,-0.225,0.441,0.20600000000000002,-0.7140000000000001
36,0,0,-2.69,1.652,-1.261,0.674,-0.9640000000000001,1.449,-0.593,1.005,-0.303,-0.541
37,0,0,-3.593,0.29,-0.782,1.7069999999999999,-0.175,1.662,-0.13699999999999998,0.493,-0.49200000000000005,-0.9259999999999999
38,0,0,-3.0460000000000003,0.387,-1.165,0.94,-0.386,1.9780000000000002,-0.18600000000000003,0.8109999999999999,-0.39399999999999996,-0.198
39,0,0,-2.255,0.902,-1.723,0.45399999999999996,-0.524,1.453,-0.614,0.7609999999999999,-0.885,-0.11800000000000001
40,0,0,-3.089,2.339,-0.973,0.46299999999999997,-1.169,0.5429999999999999,0.598,-0.45,-0.08,-0.039
41,0,0,-3.4589999999999996,2.086,-0.595,0.937,-1.841,0.6,0.457,0.4,0.473,-0.21100000000000002
42,0,0,-3.543,1.391,-1.22,0.6990000000000001,-0.769,1.579,-0.379,1.158,0.18100000000000002,-0.17800000000000002
43,0,0,-3.6839999999999997,1.774,-1.7280000000000002,1.611,0.1,1.393,-0.193,0.5539999999999999,0.245,-0.919
44,0,0,-2.596,1.56,-1.249,0.6559999999999999,-1.095,1.2919999999999998,-0.55,1.006,-0.15,-0.5529999999999999
45,0,0,-3.6039999999999996,0.235,-0.836,1.786,-0.153,1.642,-0.096,0.488,-0.524,-1.003
46,0,0,-3.1710000000000003,0.49,-1.128,0.9109999999999999,-0.38799999999999996,2.0140000000000002,-0.212,0.7070000000000001,-0.551,-0.187
47,0,0,-2.3680000000000003,1.7269999999999999,-1.556,1.162,-0.8190000000000001,0.941,-0.5720000000000001,0.345,-0.27899999999999997,-0.736
48,0,0,-3.065,2.372,-1.002,0.496,-1.295,0.86,0.327,-0.40399999999999997,0.067,-0.155
49,0,0,-3.4730000000000003,2.178,-0.82,0.706,-1.71,0.779,0.42200000000000004,0.35100000000000003,0.426,-0.267
50,0,0,-4.238,2.437,0.036000000000000004,1.158,-2.127,0.5539999999999999,0.12,0.823,0.565,-0.293
51,0,0,-3.8689999999999998,1.86,-1.646,1.6119999999999999,0.044000000000000004,1.531,-0.493,0.862,-0.106,-1.001
52,0,0,-2.6660000000000004,1.516,-1.198,0.741,-1.0659999999999998,1.24,-0.574,0.965,-0.13,-0.711
53,0,0,-1.3719999999999999,-0.03,-1.003,-0.38799999999999996,-0.47100000000000003,1.141,0.654,0.823,0.5579999999999999,0.043
54,0,0,-1.8159999999999998,0.45799999999999996,-0.9470000000000001,-0.341,0.085,0.75,0.14400000000000002,0.462,-0.24,-0.266
55,0,0,-1.954,1.595,-1.5930000000000002,0.37,-0.136,0.022000000000000002,0.034,0.321,-0.19,-0.491
56,0,0,-2.654,2.39,-0.008,0.07,-1.063,0.304,-0.105,0.281,0.488,-0.382
57,0,0,-3.141,3.3139999999999996,-0.996,-0.39399999999999996,-0.19,-0.312,0.13699999999999998,0.631,0.547,-0.247
58,0,0,-4.1610000000000005,2.937,0.157,0.336,-0.968,0.6409999999999999,0.08800000000000001,0.237,0.565,0.823
59,0,0,-4.52,2.231,-0.08800000000000001,0.513,-0.528,1.246,0.198,0.242,0.161,0.769
60,0,0,-3.088,1.389,0.048,-0.21600000000000003,-0.32899999999999996,0.91,0.045,-0.075,0.10099999999999999,-0.134
61,0,0,-4.275,0.162,0.728,0.662,0.94,1.2690000000000001,0.711,0.073,-0.8270000000000001,-0.655
62,0,0,-1.6569999999999998,0.055999999999999994,-1.044,-0.32,-0.316,1.321,0.638,0.8,0.298,-0.159
63,0,0,-1.709,0.486,-0.953,-0.34600000000000003,0.02,0.7859999999999999,0.145,0.564,-0.22899999999999998,-0.322
64,0,0,-1.952,1.469,-1.375,0.105,-0.154,0.17,-0.047,0.336,-0.098,-0.41
65,0,0,-2.67,2.696,-0.231,-0.027999999999999997,-1.014,0.486,-0.13699999999999998,0.44799999999999995,0.285,-0.48200000000000004
66,0,0,-2.441,1.415,0.386,-0.335,-0.187,-0.079,-0.0,-0.175,0.792,-0.026000000000000002
67,0,0,-3.1460000000000004,3.076,-0.6829999999999999,-0.032,-0.693,-0.06,-0.267,0.47600000000000003,0.982,-0.35200000000000004
68,0,0,-4.2669999999999995,3.01,0.172,0.027999999999999997,-0.8270000000000001,0.532,0.099,0.326,0.34,0.696
69,0,0,-3.03,1.185,0.314,-0.121,-0.591,0.965,0.353,-0.13699999999999998,-0.221,0.075
70,0,0,-4.473,0.373,0.858,0.919,0.778,1.272,0.653,-0.21600000000000003,-0.8909999999999999,-0.627
71,0,0,-1.8559999999999999,0.063,-1.011,-0.23800000000000002,-0.152,1.4609999999999999,0.5720000000000001,0.775,0.154,-0.31
72,0,0,-1.976,0.389,-0.9470000000000001,-0.25,-0.065,0.9490000000000001,0.127,0.478,-0.32299999999999995,-0.345
73,0,0,-1.9140000000000001,1.473,-1.3419999999999999,-0.013000000000000001,-0.213,0.253,0.005,0.22899999999999998,-0.009,-0.445
74,0,0,-2.7,2.83,-0.389,0.032,-0.958,0.44,-0.168,0.519,0.16899999999999998,-0.525
75,0,0,-2.5540000000000003,1.117,0.42,-0.022000000000000002,-0.645,0.02,0.145,-0.327,0.66,0.073
76,0,0,-3.84,3.745,0.121,-0.6559999999999999,-1.0659999999999998,0.32899999999999996,0.7340000000000001,0.875,-0.295,0.418
77,0,0,-4.676,2.537,0.075,0.73,-0.9329999999999999,1.493,0.049,0.076,0.254,0.276
78,0,0,-2.9219999999999997,1.516,-0.002,-0.353,-0.46399999999999997,1.1840000000000002,0.38299999999999995,-0.175,-0.34600000000000003,-0.033
79,0,0,-1.895,-0.012,-0.97,-0.152,-0.161,1.5090000000000001,0.48700000000000004,0.809,0.044000000000000004,-0.264
80,0,0,-1.945,0.35200000000000004,-1.053,-0.228,-0.12,0.927,0.08800000000000001,0.509,-0.27899999999999997,-0.24600000000000002
81,0,0,-1.912,1.554,-1.455,-0.017,-0.11800000000000001,0.27,-0.037000000000000005,0.163,-0.027000000000000003,-0.474
82,0,0,-2.7239999999999998,2.998,-0.56,-0.077,-0.9440000000000001,0.5479999999999999,-0.08,0.4,0.14400000000000002,-0.63
83,0,0,-2.385,1.2409999999999999,0.272,-0.04,-0.6920000000000001,0.16,-0.061,-0.18899999999999997,0.7440000000000001,0.08800000000000001
84,0,0,-3.092,3.014,-0.307,-0.016,-0.956,0.195,-0.22699999999999998,0.36700000000000005,0.958,-0.092
85,0,0,-3.917,3.4960000000000004,0.409,-0.531,-1.15,0.017,0.605,0.977,-0.32799999999999996,0.447
86,0,0,-4.232,3.035,0.428,0.49700000000000005,-1.374,0.5489999999999999,0.133,0.23199999999999998,0.129,0.48700000000000004
87,0,0,-4.7589999999999995,2.696,0.10400000000000001,0.6970000000000001,-0.787,1.114,0.205,-0.066,0.369,0.306
88,0,0,-2.945,1.724,-0.312,-0.239,-0.447,1.36,0.013999999999999999,-0.102,0.021,-0.564
89,0,0,-4.314,-0.106,1.044,1.192,0.687,0.763,0.158,-0.193,-1.3419999999999999,-0.447
90,0,0,-2.05,0.065,-0.938,-0.037000000000000005,0.08199999999999999,1.561,0.39299999999999996,0.835,-0.028999999999999998,-0.39399999999999996
91,0,0,-1.804,0.431,-1.0,-0.42700000000000005,-0.094,0.848,0.084,0.636,-0.275,-0.214
92,0,0,-1.9780000000000002,1.5419999999999998,-1.4869999999999999,-0.096,-0.025,0.32,-0.063,0.09699999999999999,-0.073,-0.381
93,0,0,-2.748,3.217,-0.976,-0.213,-0.792,0.7709999999999999,-0.032,0.223,0.043,-0.825
94,0,0,-3.105,2.9160000000000004,-0.207,0.031,-0.897,0.021,-0.22899999999999998,0.256,1.073,-0.065
95,0,0,-3.985,3.614,0.584,-0.42,-1.105,-0.174,0.348,0.885,-0.165,0.65
96,0,0,-4.88,3.0639999999999996,0.06,0.434,-0.575,0.897,0.25,0.085,0.09300000000000001,0.445
97,0,0,-3.082,1.633,-0.11800000000000001,-0.147,-0.484,1.176,-0.086,-0.07200000000000001,0.086,-0.564
98,0,0,-4.158,-0.342,0.9,1.09,0.56,0.955,0.395,-0.32799999999999996,-1.52,-0.498
99,0,0,-2.441,0.191,-0.8140000000000001,0.255,0.41100000000000003,1.636,0.395,0.7609999999999999,-0.005,-0.564
100,0,0,-1.672,0.32799999999999996,-0.833,-0.5770000000000001,-0.363,0.84,0.18,0.682,-0.124,-0.109
101,0,0,-2.051,1.508,-1.641,-0.057999999999999996,-0.102,0.34600000000000003,-0.021,0.109,-0.147,-0.298
102,0,0,-2.7880000000000003,3.194,-1.1420000000000001,-0.313,-0.58,0.35700000000000004,0.281,0.08199999999999999,0.109,-0.858
103,0,0,-2.489,1.7730000000000001,-0.18,-0.152,-0.353,0.133,-0.18600000000000003,0.207,0.7879999999999999,-0.285
104,0,0,-3.065,3.139,-0.461,-0.221,-0.759,-0.045,0.068,0.27399999999999997,0.9990000000000001,-0.331
105,0,0,-3.963,3.938,0.466,-0.564,-1.042,-0.064,0.24100000000000002,0.888,-0.032,0.7979999999999999
106,0,0,-4.136,3.582,-0.40700000000000003,-0.038,-0.687,1.031,0.491,0.157,0.305,0.027999999999999997
107,0,0,-4.944,3.325,0.015,0.079,-0.593,1.047,0.337,0.29600000000000004,-0.45299999999999996,0.371
108,0,0,-3.0580000000000003,1.6780000000000002,-0.35100000000000003,-0.255,0.038,0.6920000000000001,-0.17300000000000001,0.226,0.20199999999999999,-0.593
109,0,0,-1.202,-0.253,-2.487,0.809,-0.36700000000000005,2.169,0.32,1.034,-1.385,-0.706
110,0,0,-1.768,0.7859999999999999,-1.4680000000000002,1.077,-0.34700000000000003,1.704,-0.171,1.0759999999999998,-0.691,-0.06
111,0,0,-1.7369999999999999,1.7890000000000001,-1.046,1.071,-0.775,1.041,-0.025,0.925,-0.452,0.007
112,0,0,-2.432,2.126,-0.218,1.422,-1.169,0.41,-0.39299999999999996,1.3259999999999998,-0.067,0.225
113,0,0,-2.125,1.952,-0.415,1.4580000000000002,-0.985,0.52,-0.344,1.249,-0.37,0.145
114,0,0,-2.6069999999999998,2.406,-0.08800000000000001,1.5859999999999999,-1.4769999999999999,0.16399999999999998,-0.527,1.551,0.033,0.522
115,0,0,-3.813,3.705,-0.157,1.561,-1.5030000000000001,-0.366,-0.581,1.412,0.29,-0.099
116,0,0,-3.972,2.279,-0.62,0.9540000000000001,-1.09,0.7190000000000001,0.7170000000000001,0.3,1.3090000000000002,0.171
117,0,0,-2.9789999999999996,1.795,-0.87,1.4269999999999998,-0.93,1.3230000000000002,-0.212,1.286,-0.135,-0.496
118,0,0,-1.298,-0.295,-2.4330000000000003,0.955,-0.278,2.252,0.285,0.915,-1.569,-0.562
119,0,0,-1.012,0.516,-2.041,0.32,-0.634,1.969,0.040999999999999995,1.4140000000000001,-0.687,0.047
120,0,0,-1.501,0.847,-1.619,0.92,-0.488,1.6159999999999999,-0.161,1.127,-0.613,-0.051
121,0,0,-1.6740000000000002,1.7109999999999999,-1.04,1.136,-0.8690000000000001,1.036,-0.157,0.946,-0.361,0.02
122,0,0,-2.3080000000000003,2.023,-0.203,1.493,-1.2229999999999999,0.379,-0.48100000000000004,1.403,-0.045,0.402
123,0,0,-2.155,2.0269999999999997,-0.39299999999999996,1.354,-1.045,0.6459999999999999,-0.24600000000000002,1.2790000000000001,-0.396,0.177
124,0,0,-3.8339999999999996,3.7489999999999997,-0.183,1.518,-1.585,-0.281,-0.33399999999999996,1.1909999999999998,0.425,-0.10400000000000001
125,0,0,-3.33,1.5290000000000001,-0.552,2.023,-0.845,0.016,0.049,0.512,0.396,0.386
126,0,0,-4.17,2.2319999999999998,-0.389,1.2109999999999999,-1.011,0.57,0.5429999999999999,0.218,1.206,0.044000000000000004
127,0,0,-2.867,1.391,-0.8170000000000001,1.595,-0.883,1.143,-0.42700000000000005,1.159,0.17,-0.456
128,0,0,-1.393,-0.305,-2.29,1.1,-0.254,2.327,0.363,0.795,-1.521,-0.7559999999999999
129,0,0,-0.941,0.539,-2.02,0.314,-0.679,1.8969999999999998,0.027999999999999997,1.504,-0.632,0.111
130,0,0,-1.57,1.655,-1.04,1.16,-0.9229999999999999,0.961,-0.231,0.955,-0.273,0.065
131,0,0,-2.227,1.993,-0.156,1.554,-1.19,0.332,-0.5479999999999999,1.3619999999999999,-0.013000000000000001,0.369
132,0,0,-2.043,1.95,-0.435,1.341,-1.0490000000000002,0.5579999999999999,-0.237,1.237,-0.28300000000000003,0.306
133,0,0,-2.679,1.7309999999999999,-0.09,2.003,-1.0090000000000001,0.038,-0.8220000000000001,1.232,0.128,0.72
134,0,0,-3.8360000000000003,3.699,-0.225,1.52,-1.729,-0.184,0.064,0.97,0.5,-0.13
135,0,0,-3.478,1.703,-0.557,2.191,-1.043,0.33899999999999997,-0.004,0.5870000000000001,0.45,0.006
136,0,0,-4.333,2.438,-0.21899999999999997,1.3719999999999999,-0.7609999999999999,0.306,0.594,-0.022000000000000002,1.103,0.19
137,0,0,-2.7039999999999997,1.285,-0.9079999999999999,1.57,-0.84,1.044,-0.39899999999999997,0.951,0.345,-0.695
138,0,0,-1.4169999999999998,-0.319,-2.254,1.072,-0.221,2.2680000000000002,0.43,0.9229999999999999,-1.486,-0.698
139,0,0,-0.961,0.514,-1.9509999999999998,0.364,-0.68,1.895,0.047,1.5390000000000001,-0.63,0.094
140,0,0,-1.22,0.831,-1.6740000000000002,0.94,-0.425,1.463,-0.063,1.135,-0.42200000000000004,0.06
141,0,0,-1.891,1.776,-0.518,1.4609999999999999,-1.05,0.5670000000000001,-0.307,1.1520000000000001,-0.239,0.325
142,0,0,-2.6239999999999997,1.653,-0.156,2.023,-1.052,0.086,-0.752,1.341,0.196,0.71
143,0,0,-3.763,3.252,-0.262,1.52,-1.6840000000000002,-0.225,0.235,0.9890000000000001,0.616,0.046
144,0,0,-3.549,1.905,-0.509,1.963,-1.2,0.847,-0.157,0.8420000000000001,0.625,-0.586
145,0,0,-4.373,2.463,-0.171,1.501,-0.639,0.292,0.518,-0.114,1.127,0.332
146,0,0,-2.562,1.361,-0.94,1.3330000000000002,-1.047,1.208,-0.316,1.055,0.354,-0.77
147,0,0,-1.3840000000000001,-0.321,-2.266,0.937,-0.289,2.29,0.46299999999999997,1.0959999999999999,-1.436,-0.701
148,0,0,-1.28,0.7979999999999999,-1.6469999999999998,0.968,-0.418,1.609,-0.031,1.224,-0.374,0.044000000000000004
149,0,0,-1.475,1.557,-1.0090000000000001,1.202,-0.846,0.883,-0.138,0.8220000000000001,-0.165,0.198
150,0,0,-2.205,1.804,-0.19899999999999998,1.7730000000000001,-1.089,0.312,-0.621,1.247,0.13699999999999998,0.406
151,0,0,-1.824,1.682,-0.669,1.483,-1.036,0.711,-0.249,1.193,-0.27399999999999997,0.22399999999999998
152,0,0,-2.574,1.814,-0.16699999999999998,1.8259999999999998,-1.156,0.12,-0.609,1.5430000000000001,0.11,0.75
153,0,0,-3.545,1.926,-0.512,1.732,-1.109,1.006,0.021,0.82,0.731,-0.639
154,0,0,-4.386,2.271,-0.157,1.536,-0.614,0.23,0.57,-0.11699999999999999,1.074,0.397
155,0,0,-1.215,-0.28800000000000003,-2.423,0.8340000000000001,-0.379,2.266,0.503,1.337,-1.36,-0.682
156,0,0,-1.4,0.316,-1.8940000000000001,0.83,-0.242,2.0380000000000003,0.003,1.6669999999999998,-0.515,-0.087
157,0,0,-1.5119999999999998,1.492,-1.053,1.262,-0.809,0.941,-0.122,0.807,-0.20600000000000002,0.145
158,0,0,-2.274,1.653,-0.226,1.857,-0.971,0.327,-0.605,1.121,0.121,0.29100000000000004
159,0,0,-1.804,1.556,-0.8029999999999999,1.3880000000000001,-0.9890000000000001,0.7509999999999999,-0.028999999999999998,0.963,-0.228,0.297
160,0,0,-3.425,1.724,-0.638,1.5730000000000002,-1.041,1.204,-0.124,1.258,0.5479999999999999,-0.507
161,0,0,-4.376,2.2159999999999997,-0.26899999999999996,1.32,-0.66,0.159,0.7190000000000001,0.008,1.058,0.47200000000000003
162,0,0,-2.52,1.52,-0.9590000000000001,1.296,-1.103,1.149,-0.268,1.249,0.092,-0.682
163,0,0,-1.548,-0.4,-1.659,0.244,-0.10099999999999999,1.5619999999999998,0.551,1.248,0.129,-0.456
164,0,0,-1.614,0.287,-1.195,-0.252,-0.257,1.251,0.281,0.898,0.188,-0.423
165,0,0,-1.891,0.988,-1.06,0.11900000000000001,0.59,0.263,0.37200000000000005,0.39,-0.376,-0.655
166,0,0,-2.55,2.6289999999999996,0.084,-0.159,-0.882,0.09300000000000001,-0.19,0.961,0.032,-0.589
167,0,0,-2.464,1.9680000000000002,0.026000000000000002,0.078,-0.542,0.07400000000000001,0.051,0.596,0.26,-0.43700000000000006
168,0,0,-3.5660000000000003,1.504,0.94,1.829,-1.224,0.17800000000000002,-1.454,0.92,0.767,1.0590000000000002
169,0,0,-3.299,1.73,0.187,0.121,-1.251,0.7959999999999999,-0.366,1.091,0.493,0.436
170,0,0,-2.439,0.789,0.08199999999999999,0.242,-0.693,0.595,-0.353,0.7020000000000001,0.413,0.098
171,0,0,-1.507,-0.457,-1.7280000000000002,0.256,-0.081,1.571,0.556,1.291,0.121,-0.456
172,0,0,-1.814,0.9229999999999999,-0.9309999999999999,0.12,0.425,0.5539999999999999,0.237,0.426,-0.184,-0.727
173,0,0,-2.559,2.3,0.408,-0.001,-1.077,0.125,-0.254,0.975,0.07,-0.47
174,0,0,-2.431,1.8730000000000002,0.20800000000000002,0.12300000000000001,-0.634,0.17800000000000002,0.04,0.612,0.446,-0.562
175,0,0,-3.24,1.749,0.9590000000000001,1.071,-1.188,0.018000000000000002,-1.024,0.664,1.0070000000000001,0.44299999999999995
176,0,0,-3.565,1.3630000000000002,0.958,1.976,-1.268,0.091,-1.3630000000000002,0.72,0.738,1.145
177,0,0,-3.198,1.3730000000000002,0.392,0.423,-1.203,0.6559999999999999,-0.428,0.9940000000000001,0.5760000000000001,0.865
178,0,0,-3.772,0.904,-0.195,0.317,-0.473,1.31,-0.043,0.898,0.536,0.503
179,0,0,-2.434,0.87,0.127,0.22399999999999998,-0.8109999999999999,0.6659999999999999,-0.233,0.705,0.408,0.136
180,0,0,-1.3880000000000001,0.215,-1.105,-0.295,-0.39,1.2819999999999998,0.35600000000000004,0.816,0.292,-0.376
181,0,0,-2.026,1.75,-0.526,-0.131,0.266,-0.055,0.084,0.063,0.047,-0.691
182,0,0,-2.531,1.8019999999999998,0.7390000000000001,0.23600000000000002,-1.169,-0.069,-0.349,0.903,0.12300000000000001,-0.11900000000000001
183,0,0,-2.375,1.642,0.308,0.255,-0.82,0.225,-0.092,0.8740000000000001,0.36700000000000005,-0.525
184,0,0,-3.57,1.3659999999999999,0.97,1.9569999999999999,-1.262,0.002,-1.275,0.585,0.754,0.993
185,0,0,-3.1689999999999996,1.041,0.509,0.693,-1.185,0.6729999999999999,-0.35200000000000004,0.877,0.434,1.0090000000000001
186,0,0,-4.066,1.05,-0.049,0.45799999999999996,-0.35700000000000004,1.331,-0.129,0.848,0.509,0.317
187,0,0,-2.483,0.81,0.185,0.284,-0.917,0.73,-0.111,0.613,0.373,0.184
188,0,0,-1.8230000000000002,-0.578,-1.624,0.52,0.052000000000000005,1.7109999999999999,0.535,1.318,-0.115,-0.505
189,0,0,-1.45,0.19899999999999998,-1.127,-0.281,-0.37200000000000005,1.287,0.369,0.855,0.303,-0.385
190,0,0,-1.79,0.7929999999999999,-1.041,0.214,0.215,0.6940000000000001,0.121,0.583,-0.40299999999999997,-0.48700000000000004
191,0,0,-2.089,1.695,-0.528,-0.23199999999999998,0.385,-0.13699999999999998,0.033,0.071,0.033,-0.7440000000000001
192,0,0,-2.475,1.4980000000000002,0.8640000000000001,0.397,-1.17,-0.23399999999999999,-0.38799999999999996,0.825,0.16,0.057
193,0,0,-2.314,1.494,0.294,0.245,-0.769,0.05,-0.068,0.8190000000000001,0.618,-0.5720000000000001
194,0,0,-3.062,1.008,0.935,1.443,-0.579,0.068,-1.3330000000000002,0.106,0.958,0.9790000000000001
195,0,0,-3.155,1.021,0.455,0.624,-1.306,0.8420000000000001,-0.12300000000000001,0.909,0.32799999999999996,0.8759999999999999
196,0,0,-4.316,1.147,0.08800000000000001,0.593,-0.314,1.3159999999999998,-0.255,0.7609999999999999,0.49200000000000005,0.133
197,0,0,-2.608,0.8390000000000001,0.203,0.305,-0.851,0.78,-0.14300000000000002,0.607,0.344,0.106
198,0,0,-1.953,-0.596,-1.5430000000000001,0.619,0.055999999999999994,1.742,0.5920000000000001,1.2890000000000001,-0.163,-0.523
199,0,0,-1.495,0.11699999999999999,-1.1340000000000001,-0.249,-0.37,1.286,0.348,0.8540000000000001,0.313,-0.376
200,0,0,-1.921,0.7190000000000001,-0.95,0.299,0.222,0.7859999999999999,0.128,0.588,-0.462,-0.491
201,0,0,-2.291,1.146,0.35200000000000004,0.354,-0.7140000000000001,0.08,-0.18100000000000002,0.787,0.7090000000000001,-0.409
202,0,0,-2.9330000000000003,0.7170000000000001,0.8290000000000001,1.508,-0.517,0.069,-1.163,0.021,0.866,1.0659999999999998
203,0,0,-3.53,1.268,0.903,1.8869999999999998,-1.2790000000000001,0.008,-1.4409999999999998,0.657,0.873,1.042
204,0,0,-3.145,0.863,0.41600000000000004,0.6990000000000001,-1.3780000000000001,0.892,0.02,0.89,0.221,0.8340000000000001
205,0,0,-4.394,1.162,0.157,0.608,-0.409,1.3519999999999999,-0.243,0.758,0.447,0.096
206,0,0,-2.7039999999999997,0.917,0.267,0.314,-0.7559999999999999,0.818,-0.114,0.6729999999999999,0.261,0.055999999999999994
207,0,0,-1.537,0.043,-1.125,-0.213,-0.37799999999999995,1.265,0.33,0.87,0.293,-0.39299999999999996
208,0,0,-1.933,0.728,-1.015,0.27,0.19899999999999998,0.78,0.192,0.706,-0.446,-0.595
209,0,0,-2.076,1.413,-0.584,0.19,-0.35,0.518,-0.406,0.313,0.027000000000000003,-0.7240000000000001
210,0,0,-2.5540000000000003,1.5319999999999998,0.812,0.36700000000000005,-1.208,-0.35200000000000004,-0.252,0.894,0.05,0.084
211,0,0,-2.343,0.7879999999999999,0.373,0.49200000000000005,-0.667,0.27899999999999997,-0.24,0.8270000000000001,0.589,-0.267
212,0,0,-2.8339999999999996,0.654,0.733,1.4340000000000002,-0.716,-0.027999999999999997,-0.841,0.239,0.92,0.885
213,0,0,-3.4819999999999998,1.127,0.899,1.993,-1.385,-0.05,-1.273,0.647,0.8440000000000001,1.044
214,0,0,-3.2460000000000004,0.7120000000000001,0.39,0.82,-1.3519999999999999,1.074,0.19699999999999998,0.857,-0.055999999999999994,0.485
215,0,0,-4.521,1.43,0.162,0.58,-0.35100000000000003,1.339,-0.259,0.81,0.431,-0.102
216,0,0,-2.804,1.021,0.254,0.331,-0.654,0.8540000000000001,-0.085,0.6779999999999999,0.259,-0.031
217,0,1,-3.034,-1.274,0.263,1.521,0.66,1.6219999999999999,-0.361,-0.46799999999999997,-0.74,0.517
218,0,1,-3.1180000000000003,0.35600000000000004,0.377,1.4469999999999998,0.868,0.40700000000000003,-0.915,-0.546,-0.637,0.16899999999999998
219,0,1,-2.611,0.434,0.231,1.3430000000000002,0.32299999999999995,-0.37799999999999995,-0.618,-0.21899999999999997,-0.285,0.34700000000000003
220,0,1,-2.758,2.0669999999999997,-0.31,-0.5429999999999999,-0.687,0.091,0.8809999999999999,0.172,-0.45399999999999996,-0.09300000000000001
221,0,1,-2.497,1.607,-0.621,-0.446,-0.226,-0.152,1.16,0.122,-0.809,0.495
222,0,1,-3.8930000000000002,3.69,0.079,-0.151,-1.093,-0.518,0.198,1.5830000000000002,-0.257,-0.16899999999999998
223,0,1,-4.079,2.6630000000000003,-0.048,-0.315,0.23399999999999999,0.861,0.335,0.435,-0.546,-0.9279999999999999
224,0,1,-4.16,2.8139999999999996,0.557,0.604,0.584,0.47700000000000004,-0.272,0.784,-0.9990000000000001,-0.7809999999999999
225,0,1,-2.91,0.9179999999999999,-0.138,-0.382,0.115,0.29,0.418,0.757,-0.898,-0.18899999999999997
226,0,1,-3.162,-1.137,0.3,1.44,0.688,1.645,-0.447,-0.518,-0.52,0.6409999999999999
227,0,1,-3.2239999999999998,0.48700000000000004,0.8220000000000001,1.324,0.753,0.35200000000000004,-0.976,-0.562,-0.489,0.172
228,0,1,-2.681,0.531,0.252,1.239,0.469,-0.33899999999999997,-0.652,-0.41700000000000004,-0.24600000000000002,0.41200000000000003
229,0,1,-1.577,0.907,-0.29100000000000004,0.007,-0.256,-0.233,0.187,-0.052000000000000005,-0.627,0.23800000000000002
230,0,1,-2.861,2.0909999999999997,-0.41100000000000003,-0.43799999999999994,-0.643,0.317,0.8170000000000001,0.10400000000000001,-0.48100000000000004,-0.252
231,0,1,-2.445,1.5030000000000001,-0.677,-0.46,-0.14,-0.002,1.014,0.061,-0.599,0.175
232,0,1,-3.406,2.403,1.025,0.10800000000000001,-1.1,-0.316,0.099,1.541,-0.304,-0.6709999999999999
233,0,1,-3.958,3.9219999999999997,0.15,-0.265,-1.2009999999999998,-0.249,0.20199999999999999,1.163,-0.049,-0.039
234,0,1,-4.071000000000001,2.7539999999999996,-0.23199999999999998,-0.262,0.35600000000000004,0.6940000000000001,0.381,0.5,-0.721,-0.8590000000000001
235,0,1,-4.188,2.637,0.502,0.552,0.735,0.395,-0.026000000000000002,0.8029999999999999,-0.8740000000000001,-0.9129999999999999
236,0,1,-3.39,-0.956,0.47600000000000003,1.547,0.6579999999999999,1.504,-0.65,-0.604,-0.295,0.616
237,0,1,-3.128,0.28,0.955,1.264,0.753,0.43700000000000006,-0.841,-0.517,-0.473,0.0
238,0,1,-1.693,0.807,-0.038,-0.051,-0.174,-0.37200000000000005,0.11699999999999999,0.053,-0.611,0.3
239,0,1,-3.4389999999999996,2.7110000000000003,1.067,0.028999999999999998,-1.12,-0.212,0.062,1.44,-0.353,-0.42
240,0,1,-4.067,3.908,-0.065,-0.37799999999999995,-1.163,0.065,0.508,1.003,0.03,-0.187
241,0,1,-4.314,2.322,0.58,0.27899999999999997,0.7020000000000001,0.532,-0.068,0.8140000000000001,-0.917,-1.109
242,0,1,-3.02,1.033,-0.23800000000000002,-0.28600000000000003,0.08800000000000001,0.235,0.37200000000000005,0.563,-1.0270000000000001,-0.151
243,0,1,-3.485,-0.86,0.5820000000000001,1.501,0.578,1.48,-0.6629999999999999,-0.602,-0.318,0.575
244,0,1,-1.611,0.831,-0.055999999999999994,-0.048,-0.044000000000000004,-0.423,0.289,-0.092,-0.633,0.221
245,0,1,-2.9389999999999996,2.157,-0.451,-0.209,-0.88,0.6970000000000001,0.823,-0.035,-0.7440000000000001,-0.193
246,0,1,-2.842,1.3430000000000002,-0.713,0.003,0.126,0.41100000000000003,0.5379999999999999,-0.077,-0.995,0.092
247,0,1,-3.5869999999999997,3.128,0.885,-0.188,-1.1640000000000001,-0.215,0.051,1.344,-0.6409999999999999,-0.253
248,0,1,-4.2219999999999995,3.886,0.016,-0.14400000000000002,-1.1320000000000001,-0.053,0.519,1.024,0.075,-0.226
249,0,1,-4.442,2.6069999999999998,0.596,0.191,0.636,0.679,-0.14,0.774,-0.828,-1.122
250,0,1,-2.9760000000000004,1.033,-0.222,-0.099,0.081,0.052000000000000005,0.479,0.517,-1.105,-0.125
251,0,1,-3.6889999999999996,-0.599,0.6920000000000001,1.307,0.605,1.514,-0.752,-0.6970000000000001,-0.355,0.7020000000000001
252,0,1,-3.2489999999999997,1.042,0.589,1.4080000000000001,0.023,-0.821,-0.581,0.031,0.068,0.325
253,0,1,-2.986,2.072,-0.311,-0.083,-0.878,0.449,0.9159999999999999,0.08199999999999999,-0.905,-0.109
254,0,1,-3.003,1.163,-0.45,0.32799999999999996,0.09699999999999999,0.574,0.42700000000000005,-0.017,-1.146,-0.06
255,0,1,-3.682,3.6719999999999997,0.040999999999999995,-0.508,-0.905,0.027999999999999997,0.49200000000000005,0.654,-0.722,-0.318
256,0,1,-4.21,3.8689999999999998,0.16399999999999998,-0.047,-1.251,-0.102,0.276,0.919,0.091,-0.159
257,0,1,-4.497,3.0180000000000002,0.609,0.115,0.6729999999999999,0.7090000000000001,-0.03,0.861,-0.7040000000000001,-1.038
258,0,1,-3.293,0.93,0.522,1.48,0.249,-0.6609999999999999,-0.643,-0.094,-0.132,0.198
259,0,1,-2.9419999999999997,2.0909999999999997,-0.353,-0.364,-0.61,0.401,0.8640000000000001,0.191,-0.764,-0.235
260,0,1,-3.253,1.025,-0.28600000000000003,0.713,-0.036000000000000004,0.539,0.47600000000000003,-0.11599999999999999,-0.945,-0.10800000000000001
261,0,1,-3.661,3.266,-0.11699999999999999,-0.237,-0.755,0.092,0.6859999999999999,0.381,-0.58,-0.687
262,0,1,-4.216,3.638,0.192,-0.023,-1.2309999999999999,-0.32,0.128,1.03,0.061,-0.179
263,0,1,-4.077,2.542,0.039,0.08199999999999999,0.218,0.39299999999999996,0.324,0.39899999999999997,-0.6579999999999999,-0.9640000000000001
264,0,1,-4.544,3.0460000000000003,1.028,-0.016,0.447,0.884,-0.094,0.885,-0.45899999999999996,-1.099
265,0,1,-2.7110000000000003,0.971,-0.023,0.053,0.10099999999999999,-0.14800000000000002,0.382,0.47600000000000003,-1.05,-0.256
266,0,1,-3.322,-0.303,-0.5,0.963,0.9209999999999999,0.981,1.0590000000000002,-1.079,-1.004,0.11199999999999999
267,0,1,-3.844,1.056,-0.19,1.685,0.617,1.245,-0.8109999999999999,-0.506,-1.128,0.076
268,0,1,-2.665,0.772,-1.0090000000000001,1.307,0.287,0.855,-0.466,-0.19,-0.721,0.40700000000000003
269,0,1,-3.389,2.762,-0.71,-0.026000000000000002,-0.6409999999999999,0.11199999999999999,0.775,0.44299999999999995,-0.11,-0.9790000000000001
270,0,1,-4.243,3.3539999999999996,-0.415,0.898,-1.0270000000000001,-0.281,0.5760000000000001,0.48,0.564,-0.085
271,0,1,-3.741,2.7,-1.5930000000000002,0.782,-0.298,1.3780000000000001,0.184,1.4580000000000002,-0.134,-1.297
272,0,1,-3.2680000000000002,-0.079,-0.693,0.763,1.043,1.194,0.892,-1.2930000000000001,-1.033,0.19899999999999998
273,0,1,-3.6180000000000003,0.9159999999999999,-0.4,1.771,0.6659999999999999,1.535,-0.389,-0.342,-1.2790000000000001,-0.109
274,0,1,-2.693,0.7709999999999999,-0.87,1.341,0.317,0.925,-0.32799999999999996,-0.16899999999999998,-0.9359999999999999,0.39899999999999997
275,0,1,-2.515,1.34,-0.84,0.511,-0.49200000000000005,0.098,0.047,-0.68,-0.28300000000000003,0.168
276,0,1,-2.8819999999999997,2.165,-0.589,0.17300000000000001,-1.165,0.013999999999999999,0.5710000000000001,0.502,-0.09300000000000001,-0.616
277,0,1,-3.3539999999999996,2.85,-0.887,0.01,-0.551,0.293,0.9009999999999999,0.32,-0.302,-1.023
278,0,1,-4.228,3.111,-0.38,1.16,-1.188,-0.36200000000000004,0.516,0.507,0.669,-0.07400000000000001
279,0,1,-3.9010000000000002,2.485,-0.95,0.7020000000000001,-0.47,1.146,-0.109,1.597,0.146,-1.197
280,0,1,-4.708,3.2689999999999997,-1.121,0.701,0.43700000000000006,0.17600000000000002,0.552,0.004,-0.168,-1.484
281,0,1,-3.0,1.524,-0.866,1.015,-0.4,0.861,0.174,0.938,-0.21600000000000003,-1.01
282,0,1,-3.347,-0.159,-0.414,0.922,0.973,0.978,0.929,-1.2109999999999999,-1.268,0.278
283,0,1,-3.5180000000000002,0.716,-0.365,1.788,0.584,1.6780000000000002,-0.109,-0.016,-1.501,0.002
284,0,1,-2.875,0.868,-0.728,1.439,0.355,0.846,-0.37799999999999995,-0.233,-1.072,0.505
285,0,1,-2.859,2.255,-0.6759999999999999,0.098,-1.0859999999999999,0.040999999999999995,0.732,0.305,-0.141,-0.636
286,0,1,-3.236,2.745,-0.8059999999999999,-0.2,-0.386,0.358,0.889,0.516,-0.297,-1.075
287,0,1,-4.188,3.2289999999999996,-0.456,1.077,-1.385,-0.10400000000000001,0.45899999999999996,0.5579999999999999,0.701,-0.32
288,0,1,-4.744,3.385,-0.8859999999999999,0.5710000000000001,0.235,0.183,0.35700000000000004,0.04,0.203,-1.68
289,0,1,-3.0460000000000003,1.462,-0.823,0.935,-0.44,0.8490000000000001,0.085,0.865,-0.17800000000000002,-0.9540000000000001
290,0,1,-3.594,-0.13699999999999998,-0.027999999999999997,1.018,1.069,0.723,0.695,-0.982,-1.433,0.249
291,0,1,-3.426,0.584,-0.469,1.776,0.5660000000000001,1.686,0.07,0.081,-1.483,-0.141
292,0,1,-3.0860000000000003,1.01,-0.627,1.508,0.33799999999999997,0.747,-0.479,-0.32299999999999995,-1.087,0.645
293,0,1,-2.75,1.475,-0.848,0.364,-0.275,0.02,-0.003,-0.782,-0.29100000000000004,0.16699999999999998
294,0,1,-3.1239999999999997,2.733,-0.857,-0.33399999999999996,-0.312,0.5870000000000001,0.8490000000000001,0.475,-0.174,-0.899
295,0,1,-4.175,3.32,-0.446,0.988,-1.48,0.133,0.507,0.605,0.691,-0.462
296,0,1,-3.7769999999999997,2.064,-0.983,0.846,-0.373,0.96,-0.04,1.331,0.247,-1.09
297,0,1,-4.788,3.6319999999999997,-0.71,0.3,0.366,-0.121,0.40299999999999997,-0.016,0.124,-1.32
298,0,1,-3.0060000000000002,1.4069999999999998,-0.875,0.945,-0.495,0.721,0.212,0.75,-0.037000000000000005,-1.054
299,0,1,-3.781,-0.011000000000000001,0.102,1.115,1.036,0.6509999999999999,0.615,-1.082,-1.272,0.05
300,0,1,-3.3939999999999997,0.557,-0.573,1.704,0.608,1.6440000000000001,0.109,0.2,-1.507,-0.225
301,0,1,-3.091,0.935,-0.574,1.36,0.41600000000000004,0.764,-0.48,-0.14400000000000002,-1.295,0.696
302,0,1,-2.85,1.446,-0.792,0.48200000000000004,-0.365,0.046,-0.028999999999999998,-0.7609999999999999,-0.251,0.113
303,0,1,-2.884,2.424,-0.764,-0.10800000000000001,-1.015,0.361,0.7120000000000001,0.133,-0.017,-0.847
304,0,1,-2.656,1.263,-0.527,0.46399999999999997,-0.612,0.6679999999999999,-0.16,0.857,-0.41600000000000004,-0.596
305,0,1,-3.2460000000000004,2.7960000000000003,-0.867,-0.205,-0.316,0.8079999999999999,0.8240000000000001,0.062,-0.11800000000000001,-0.7490000000000001
306,0,1,-4.172,3.188,-0.375,1.028,-1.41,0.008,0.513,0.635,0.802,-0.28
307,0,1,-3.862,1.801,-0.7170000000000001,1.133,-0.23,0.922,-0.223,1.264,0.19399999999999998,-0.935
308,0,1,-3.404,0.506,-0.591,1.6269999999999998,0.66,1.456,0.068,0.381,-1.494,-0.45299999999999996
309,0,1,-2.952,0.777,-0.74,1.311,0.424,0.853,-0.319,-0.08199999999999999,-1.456,0.616
310,0,1,-3.005,1.472,-0.716,0.535,-0.392,0.054000000000000006,-0.054000000000000006,-0.6859999999999999,-0.29,0.153
311,0,1,-2.898,2.421,-0.81,-0.043,-1.1640000000000001,0.44799999999999995,0.69,0.218,-0.078,-0.8759999999999999
312,0,1,-3.4619999999999997,2.648,-0.447,-0.0,-0.41600000000000004,0.767,0.569,-0.07200000000000001,-0.08,-0.7979999999999999
313,0,1,-4.0760000000000005,3.3360000000000003,-0.688,0.677,-1.472,0.461,0.682,0.7240000000000001,0.7170000000000001,-0.409
314,0,1,-3.846,1.426,-0.607,1.4340000000000002,-0.07200000000000001,1.13,-0.535,1.159,-0.12300000000000001,-0.385
315,0,1,-4.885,3.967,-0.948,0.373,0.255,-0.121,0.43,-0.013000000000000001,0.018000000000000002,-1.518
316,0,1,-2.98,1.29,-0.8420000000000001,0.955,-0.491,0.5720000000000001,0.267,0.6920000000000001,0.084,-1.1
317,0,1,-3.208,-0.608,-0.516,1.0979999999999999,1.5290000000000001,1.069,0.18600000000000003,-0.9470000000000001,-0.248,-0.059000000000000004
318,0,1,-2.21,0.6609999999999999,-0.581,1.139,0.23800000000000002,0.07400000000000001,-0.625,-0.366,-0.326,0.557
319,0,1,-1.885,2.214,-0.6729999999999999,0.147,-0.14800000000000002,-0.4,0.252,-0.098,-0.8740000000000001,0.245
320,0,1,-2.488,2.822,-0.239,-0.33,-1.355,0.284,0.10099999999999999,0.934,-0.966,-0.31
321,0,1,-2.715,2.325,0.701,0.239,-1.426,-0.218,-0.317,1.516,-0.162,-0.703
322,0,1,-4.9639999999999995,2.78,0.474,0.047,0.41700000000000004,-0.32799999999999996,0.33399999999999996,0.474,-1.26,-0.221
323,0,1,-2.528,1.288,-0.14400000000000002,-0.171,-0.077,0.26,-0.045,0.6809999999999999,-1.399,-0.066
324,0,1,-3.431,-0.5,-0.36200000000000004,1.173,1.59,0.956,0.162,-0.853,-0.364,0.084
325,0,1,-2.103,0.655,-0.84,1.195,0.377,0.135,-0.504,-0.5489999999999999,-0.40399999999999997,0.602
326,0,1,-1.926,2.1719999999999997,-0.5710000000000001,0.257,-0.159,-0.493,0.27,-0.153,-0.6729999999999999,-0.005
327,0,1,-2.512,2.826,-0.171,-0.385,-1.495,0.381,0.067,0.899,-0.902,-0.41200000000000003
328,0,1,-2.353,2.897,-0.433,-0.193,-0.715,0.359,0.26,0.273,-1.206,0.36
329,0,1,-4.341,3.514,-0.45299999999999996,-1.047,-0.469,0.51,0.618,0.8009999999999999,-0.39899999999999997,-0.777
330,0,1,-4.045,2.193,0.2,-0.745,0.215,0.387,0.625,1.4769999999999999,-1.207,-0.27
331,0,1,-5.02,2.551,0.562,-0.136,0.531,-0.064,0.373,0.631,-1.4069999999999998,-0.267
332,0,1,-2.665,1.633,-0.384,-0.111,-0.001,0.23399999999999999,0.033,0.478,-1.558,0.21899999999999997
333,0,1,-3.5860000000000003,-0.38,-0.359,1.307,1.587,0.99,0.18,-0.831,-0.47100000000000003,0.198
334,0,1,-2.889,-0.039,-0.494,0.7190000000000001,1.104,1.003,-0.415,0.09699999999999999,-0.855,0.35600000000000004
335,0,1,-2.282,0.6729999999999999,-0.7979999999999999,1.286,0.308,0.01,-0.41100000000000003,-0.61,-0.266,0.584
336,0,1,-1.985,2.161,-0.601,0.424,-0.295,-0.489,0.20800000000000002,-0.21600000000000003,-0.562,0.079
337,0,1,-2.563,2.8289999999999997,-0.28300000000000003,-0.368,-1.5930000000000002,0.408,0.121,0.9329999999999999,-0.946,-0.35600000000000004
338,0,1,-2.415,2.517,-0.285,0.085,-0.902,0.28300000000000003,0.302,0.247,-1.207,0.371
339,0,1,-2.7760000000000002,2.563,0.532,0.27699999999999997,-1.47,-0.368,-0.278,1.479,-0.16399999999999998,-0.797
340,0,1,-4.3839999999999995,3.721,-0.905,-0.965,-0.16,0.498,0.809,0.66,-0.613,-0.831
341,0,1,-4.107,2.17,0.20600000000000002,-0.8109999999999999,0.33399999999999996,0.633,0.402,1.097,-1.327,-0.04
342,0,1,-5.069,2.119,0.826,-0.27399999999999997,0.5760000000000001,0.145,0.308,1.001,-1.412,-0.306
343,0,1,-3.76,-0.32,-0.24,1.273,1.751,1.125,0.23,-0.723,-0.501,0.315
344,0,1,-3.1519999999999997,0.086,-0.325,0.868,1.084,0.753,-0.522,-0.005,-0.821,0.483
345,0,1,-2.5580000000000003,0.755,-0.66,1.3659999999999999,0.038,-0.011000000000000001,-0.44299999999999995,-0.531,-0.062,0.418
346,0,1,-2.01,2.164,-0.626,0.389,-0.24,-0.441,0.10300000000000001,-0.27,-0.647,0.165
347,0,1,-4.07,2.254,-0.28,-0.722,0.696,0.6829999999999999,0.243,0.6890000000000001,-1.45,0.19
348,0,1,-2.93,2.0140000000000002,-0.7,0.20600000000000002,-0.08800000000000001,0.153,0.142,-0.031,-1.4369999999999998,0.615
349,0,1,-4.247,-0.034,0.248,1.3719999999999999,1.831,1.167,0.087,-0.518,-0.316,0.34700000000000003
350,0,1,-3.1830000000000003,0.154,-0.413,0.9229999999999999,1.091,0.5820000000000001,-0.447,-0.085,-0.904,0.693
351,0,1,-2.5140000000000002,0.5579999999999999,-0.777,1.2990000000000002,0.027000000000000003,0.247,-0.48700000000000004,-0.653,-0.027999999999999997,0.48100000000000004
352,0,1,-2.041,2.119,-0.585,0.5489999999999999,-0.43,-0.29100000000000004,-0.002,-0.23399999999999999,-0.7509999999999999,0.253
353,0,1,-2.64,2.7039999999999997,-0.345,-0.23,-1.649,0.064,0.275,0.9520000000000001,-0.6509999999999999,-0.5710000000000001
354,0,1,-4.0360000000000005,2.141,-0.355,-0.602,0.8370000000000001,0.6629999999999999,-0.013000000000000001,0.507,-1.412,0.21
355,0,1,-5.1579999999999995,2.488,1.064,-0.34299999999999997,0.35200000000000004,0.18,-0.05,0.8170000000000001,-1.308,-0.249
356,0,1,-2.907,1.992,-0.904,0.205,0.011000000000000001,0.34600000000000003,-0.031,-0.14800000000000002,-1.262,0.48700000000000004
357,0,1,-4.687,0.406,0.889,1.464,1.618,1.021,-0.121,-0.39799999999999996,-0.307,0.293
358,0,1,-2.452,0.27899999999999997,-0.805,1.141,0.239,0.17600000000000002,-0.10400000000000001,-0.752,-0.33399999999999996,0.731
359,0,1,-2.658,2.739,-0.382,-0.31,-1.64,0.081,0.276,0.884,-0.535,-0.5479999999999999
360,0,1,-3.0980000000000003,2.525,-0.316,-0.322,-1.082,0.285,0.445,0.847,-0.951,-0.7070000000000001
361,0,1,-4.4030000000000005,3.602,-0.945,-0.934,0.040999999999999995,0.409,1.003,0.47,-0.47700000000000004,-0.621
362,0,1,-4.2,2.201,-0.31,-0.392,0.968,0.7,-0.32799999999999996,0.129,-0.8959999999999999,0.15
363,0,1,-5.211,2.544,0.82,-0.33299999999999996,0.447,0.226,0.127,0.89,-1.389,-0.304
364,0,1,-5.058,2.2359999999999998,1.381,1.885,-0.259,-0.483,-0.562,0.12300000000000001,-0.063,0.6629999999999999
365,0,1,-3.753,0.828,-0.042,1.406,0.209,-0.53,-0.52,-0.4,-0.386,1.07
366,0,1,-3.4939999999999998,1.207,-0.607,0.242,-0.43,0.131,0.23600000000000002,0.545,-0.593,0.6779999999999999
367,0,1,-2.813,2.327,-1.246,-0.184,-0.755,0.491,1.202,-0.5579999999999999,-0.669,0.054000000000000006
368,0,1,-3.133,1.983,-1.3980000000000001,0.254,-0.667,0.532,0.389,-0.17800000000000002,-0.584,0.8440000000000001
369,0,1,-4.373,4.643,-0.792,-1.3319999999999999,-0.20199999999999999,0.597,0.192,1.133,-1.131,-0.28
370,0,1,-4.468,4.121,-0.42,-1.197,0.33799999999999997,0.6,-0.11,0.314,-1.248,-0.012
371,0,1,-4.902,4.49,-0.564,-0.536,-0.16399999999999998,-0.298,0.8420000000000001,-0.158,-0.9059999999999999,0.358
372,0,1,-4.125,2.3,-0.16699999999999998,-0.27,0.10300000000000001,0.32,-0.467,-0.254,-0.415,0.863
373,0,1,-5.124,2.319,1.413,1.804,-0.27699999999999997,-0.33,-0.746,0.221,0.06,0.46
374,0,1,-4.393,2.137,0.57,1.3969999999999998,0.293,-0.836,-0.966,-0.461,-0.27699999999999997,1.1840000000000002
375,0,1,-3.9610000000000003,1.078,0.11,1.232,0.21,-0.67,-0.536,-0.33,-0.268,1.0979999999999999
376,0,1,-3.654,1.222,-0.574,0.248,-0.299,0.158,0.154,0.5529999999999999,-0.58,0.617
377,0,1,-3.0010000000000003,2.263,-1.178,-0.11599999999999999,-0.922,0.536,1.286,-0.506,-0.5660000000000001,-0.102
378,0,1,-3.417,1.984,-1.148,0.23399999999999999,-0.778,0.41100000000000003,0.494,0.13,-0.7040000000000001,0.764
379,0,1,-3.887,3.1719999999999997,-0.7390000000000001,-0.69,-0.5479999999999999,0.33,0.569,0.98,-1.609,0.28300000000000003
380,0,1,-4.474,4.569,-1.069,-1.409,0.13699999999999998,1.0490000000000002,0.071,0.877,-1.355,-0.16699999999999998
381,0,1,-4.947,4.637,-0.444,-0.953,-0.11900000000000001,-0.249,0.594,0.27,-0.7829999999999999,0.265
382,0,1,-4.173,2.299,-0.298,-0.13,0.122,0.319,-0.38799999999999996,-0.32799999999999996,-0.48,0.99
383,0,1,-5.131,2.1919999999999997,1.364,1.936,-0.591,-0.354,-0.677,0.15,0.17800000000000002,0.38
384,0,1,-4.395,1.864,0.503,1.7180000000000002,0.24100000000000002,-0.8170000000000001,-0.672,-0.687,-0.449,1.396
385,0,1,-4.058,1.072,0.157,1.136,0.385,-0.687,-0.583,-0.185,-0.3,1.177
386,0,1,-3.6310000000000002,1.195,-0.7190000000000001,0.13,-0.065,0.348,-0.061,0.555,-0.594,0.8059999999999999
387,0,1,-3.4339999999999997,2.26,-1.065,-0.122,-0.795,0.363,1.403,-0.507,-0.375,0.015
388,0,1,-3.765,1.97,-0.955,0.304,-0.735,0.41,0.38,0.146,-0.536,0.738
389,0,1,-3.975,3.0660000000000003,-0.506,-0.8270000000000001,-0.478,0.434,0.35600000000000004,0.9390000000000001,-1.3090000000000002,0.204
390,0,1,-4.497,4.5,-1.446,-1.127,0.44299999999999995,0.986,0.136,0.597,-1.087,-0.073
391,0,1,-5.011,4.976,-0.868,-1.215,0.17,-0.018000000000000002,0.5429999999999999,0.154,-0.841,0.7070000000000001
392,0,1,-4.151,2.069,-0.605,0.111,0.41,0.354,-0.284,-0.381,-0.507,0.737
393,0,1,-5.125,2.077,1.2830000000000001,2.003,-0.7340000000000001,-0.513,-0.557,0.055,0.295,0.26899999999999996
394,0,1,-4.316,1.409,0.441,1.819,0.5,-0.617,-0.633,-0.621,-0.6709999999999999,1.193
395,0,1,-4.149,1.129,-0.008,1.215,0.39,-0.474,-0.4,-0.34299999999999997,-0.344,0.8859999999999999
396,0,1,-3.5810000000000004,1.188,-0.958,0.18899999999999997,-0.077,0.451,0.049,0.449,-0.6759999999999999,0.919
397,0,1,-3.8280000000000003,2.367,-0.836,-0.34299999999999997,-0.466,0.11599999999999999,1.172,-0.175,-0.275,0.11699999999999999
398,0,1,-3.82,1.705,-1.13,0.45,-0.47100000000000003,0.665,0.298,-0.175,-0.473,0.848
399,0,1,-3.949,2.99,-0.643,-0.986,-0.175,0.768,0.249,0.8029999999999999,-1.479,0.168
400,0,1,-4.471,4.461,-1.8869999999999998,-0.799,0.7190000000000001,0.938,0.239,0.342,-1.036,-0.06
401,0,1,-4.58,4.1160000000000005,-0.753,-0.8490000000000001,0.516,0.498,0.11699999999999999,0.18100000000000002,-1.256,-0.11900000000000001
402,0,1,-5.143,2.051,1.216,1.8980000000000001,-0.555,-0.466,-0.8420000000000001,0.011000000000000001,0.461,0.193
403,0,1,-4.4030000000000005,1.409,0.551,1.496,0.6729999999999999,-0.616,-0.787,-0.382,-0.696,1.139
404,0,1,-3.622,1.111,-0.972,0.39899999999999997,-0.402,0.527,0.271,0.373,-0.716,0.943
405,0,1,-3.85,2.28,-1.055,-0.335,-0.16399999999999998,0.41,0.9129999999999999,-0.391,-0.33799999999999997,0.26
406,0,1,-3.9619999999999997,1.724,-1.29,0.531,-0.17,0.528,0.282,-0.149,-0.603,1.139
407,0,1,-3.8939999999999997,2.91,-0.968,-0.6709999999999999,-0.131,0.519,0.591,0.708,-1.515,0.121
408,0,1,-4.468999999999999,4.348,-1.74,-0.8859999999999999,0.447,0.883,0.374,0.5770000000000001,-0.9079999999999999,-0.08900000000000001
409,0,1,-4.6610000000000005,4.235,-0.49700000000000005,-1.021,0.295,0.457,-0.019,0.345,-1.355,0.062
410,0,1,-5.04,5.074,-1.7209999999999999,-0.264,0.27899999999999997,0.17600000000000002,0.003,-0.609,-0.177,0.42200000000000004
411,0,1,-4.169,1.7990000000000002,-0.621,0.025,0.706,0.36200000000000004,-0.34299999999999997,-0.049,-0.33899999999999997,0.22
412,0,1,-5.105,1.9680000000000002,1.14,1.719,-0.44299999999999995,-0.43200000000000005,-0.9690000000000001,-0.17300000000000001,0.551,0.17600000000000002
413,0,1,-4.544,1.672,0.643,1.281,0.504,-0.8029999999999999,-0.7090000000000001,-0.22899999999999998,-0.546,1.058
414,0,1,-4.426,1.167,0.008,1.315,0.18899999999999997,-0.297,-0.124,-0.244,-0.423,0.684
415,0,1,-3.622,0.988,-1.1079999999999999,0.685,-0.693,0.754,0.442,0.166,-0.45799999999999996,0.738
416,0,1,-3.597,2.146,-1.492,-0.142,-0.297,0.815,0.87,-0.49,-0.47100000000000003,0.41
417,0,1,-4.122,1.735,-1.34,0.615,0.03,0.353,0.345,-0.10400000000000001,-0.54,0.988
418,0,1,-4.513,4.265,-1.4769999999999999,-1.09,0.215,0.8290000000000001,0.342,0.693,-0.601,-0.055999999999999994
419,0,1,-4.651,4.246,-0.823,-0.831,0.6659999999999999,0.546,-0.3,0.094,-1.3430000000000002,0.185
420,0,1,-4.261,1.827,-0.48200000000000004,-0.19399999999999998,0.731,0.354,-0.478,0.05,-0.11199999999999999,0.321
421,1,0,-2.613,-0.092,-0.54,0.484,0.389,1.7409999999999999,0.198,0.257,-0.375,-0.604
422,1,0,-2.505,0.632,-0.593,0.304,0.496,0.8240000000000001,-0.162,0.18100000000000002,-0.363,-0.764
423,1,0,-1.768,1.7690000000000001,-1.1420000000000001,-0.7390000000000001,-0.086,0.12,-0.23,0.217,-0.009,-0.27899999999999997
424,1,0,-2.6710000000000003,3.155,-0.514,0.133,-0.9640000000000001,0.23399999999999999,-0.071,1.192,0.254,-0.47100000000000003
425,1,0,-2.509,1.3259999999999998,0.354,0.6629999999999999,-0.7240000000000001,0.418,-0.496,0.713,0.638,-0.204
426,1,0,-2.764,1.111,0.727,1.54,-0.855,0.261,-1.11,0.22699999999999998,0.42,0.991
427,1,0,-3.839,1.248,0.83,0.982,-1.11,0.617,-0.7509999999999999,0.084,0.309,1.125
428,1,0,-2.895,0.682,-0.151,0.218,-0.6890000000000001,1.1179999999999999,-0.264,0.922,0.757,0.327
429,1,0,-2.633,0.672,-0.37200000000000005,0.439,0.43700000000000006,0.907,-0.402,-0.04,-0.366,-0.741
430,1,0,-2.696,3.1289999999999996,-0.52,0.294,-0.9890000000000001,0.019,-0.066,1.1059999999999999,0.361,-0.396
431,1,0,-2.592,1.617,0.267,0.38,-0.777,0.48700000000000004,-0.20600000000000002,0.733,0.5920000000000001,-0.40299999999999997
432,1,0,-2.733,1.088,0.7609999999999999,1.694,-0.833,0.292,-1.069,0.266,0.369,1.034
433,1,0,-3.835,3.339,0.29,-0.126,-1.68,0.195,-0.368,1.328,0.523,0.861
434,1,0,-3.915,2.158,0.7809999999999999,0.643,-1.023,0.598,-0.718,0.27399999999999997,0.376,0.77
435,1,0,-4.848,1.115,0.932,1.615,-0.589,0.5920000000000001,-0.446,-0.366,-0.447,1.294
436,1,0,-2.9819999999999998,0.522,-0.1,0.36200000000000004,-0.66,1.115,-0.305,0.8590000000000001,0.637,0.344
437,1,0,-1.784,-1.074,-1.661,1.324,0.289,1.3030000000000002,0.924,1.307,-0.34600000000000003,-0.521
438,1,0,-1.89,0.207,-1.161,0.027000000000000003,-0.047,1.581,0.27699999999999997,1.129,0.366,-0.25
439,1,0,-2.677,0.486,-0.061,0.517,0.222,1.102,-0.425,-0.096,-0.373,-0.484
440,1,0,-2.7689999999999997,2.906,-0.19399999999999998,0.349,-0.958,0.08900000000000001,-0.245,1.004,0.6,-0.336
441,1,0,-2.625,1.551,0.298,0.324,-1.05,0.746,0.067,0.603,0.342,-0.413
442,1,0,-2.6319999999999997,0.8809999999999999,0.71,1.8,-0.75,0.33,-1.128,0.177,0.33899999999999997,1.166
443,1,0,-3.888,3.085,0.436,0.142,-1.526,-0.052000000000000005,-0.503,1.085,0.511,0.976
444,1,0,-3.824,1.8319999999999999,1.093,1.024,-1.09,0.56,-0.336,0.299,0.126,1.005
445,1,0,-4.813,1.042,0.887,1.661,-0.534,0.747,-0.513,-0.44799999999999995,-0.41200000000000003,1.214
446,1,0,-2.971,0.46299999999999997,-0.195,0.32299999999999995,-0.625,0.941,-0.327,0.78,0.552,0.436
447,1,0,-2.698,-1.0270000000000001,-0.94,1.796,0.392,1.33,0.866,0.7809999999999999,-0.838,-0.6629999999999999
448,1,0,-1.358,0.136,-1.082,-0.14800000000000002,-0.609,1.464,0.14400000000000002,1.149,0.48100000000000004,0.11900000000000001
449,1,0,-2.594,0.621,-0.292,0.521,0.26,1.204,-0.337,0.261,-0.332,-0.51
450,1,0,-2.92,2.697,-0.11599999999999999,0.451,-0.8590000000000001,-0.035,-0.307,0.8740000000000001,0.622,-0.301
451,1,0,-2.696,1.26,0.436,0.657,-1.161,0.805,0.062,0.575,0.182,-0.33399999999999996
452,1,0,-2.484,0.5589999999999999,0.624,1.9509999999999998,-0.6459999999999999,0.381,-1.1059999999999999,0.036000000000000004,0.24,1.291
453,1,0,-3.989,3.049,0.304,0.209,-1.26,-0.205,-0.735,0.862,0.551,1.114
454,1,0,-4.717,0.8290000000000001,0.853,1.98,-0.546,0.688,-0.434,-0.424,-0.636,1.245
455,1,0,-3.366,-0.826,-0.405,1.643,0.603,1.226,0.524,0.293,-0.858,-0.6679999999999999
456,1,0,-1.53,0.028999999999999998,-0.925,0.054000000000000006,-0.565,1.5930000000000002,0.12300000000000001,1.117,0.33799999999999997,0.026000000000000002
457,1,0,-1.817,0.5589999999999999,-0.8009999999999999,0.23399999999999999,0.011000000000000001,1.215,-0.161,0.809,0.018000000000000002,-0.382
458,1,0,-1.969,0.835,-0.6709999999999999,-0.27,0.027999999999999997,0.4,-0.444,0.53,0.061,-0.34299999999999997
459,1,0,-3.0380000000000003,2.475,0.024,0.508,-0.737,-0.102,-0.358,0.706,0.6,-0.209
460,1,0,-2.889,1.4180000000000001,0.409,0.61,-1.018,0.992,0.005,0.518,-0.027000000000000003,-0.326
461,1,0,-3.992,3.342,0.16699999999999998,0.086,-1.23,-0.21600000000000003,-0.8240000000000001,0.8370000000000001,0.521,0.978
462,1,0,-3.81,1.91,0.527,0.478,-0.972,0.945,-0.28,0.7190000000000001,0.48200000000000004,0.8290000000000001
463,1,0,-4.683,0.773,0.888,2.302,-0.562,0.395,-0.401,-0.289,-0.8390000000000001,1.165
464,1,0,-3.375,1.7790000000000001,-0.8220000000000001,0.382,-0.019,0.845,0.12300000000000001,0.767,0.223,-0.337
465,1,0,-3.312,-0.7759999999999999,-0.504,1.39,0.86,1.2570000000000001,0.222,0.314,-0.715,-0.765
466,1,0,-1.222,0.491,-0.716,0.004,-0.32299999999999995,1.1079999999999999,-0.14800000000000002,0.773,0.387,-0.073
467,1,0,-2.295,0.883,-0.619,-0.040999999999999995,0.14300000000000002,0.37799999999999995,-0.602,0.335,-0.114,-0.391
468,1,0,-2.784,1.43,0.145,0.309,-0.9309999999999999,1.3419999999999999,0.017,0.589,-0.044000000000000004,-0.273
469,1,0,-3.073,1.5319999999999998,0.9490000000000001,1.541,-1.058,0.272,-0.961,0.449,0.619,0.9690000000000001
470,1,0,-3.958,4.132,-0.07400000000000001,-0.19,-1.1840000000000002,-0.11,-0.679,1.198,0.442,0.563
471,1,0,-3.947,2.102,0.305,0.462,-0.765,1.037,-0.618,0.741,0.345,0.26899999999999996
472,1,0,-3.366,1.952,-0.898,0.258,0.282,0.835,0.29,0.6809999999999999,0.431,-0.461
473,1,0,-2.045,0.8190000000000001,-1.46,0.652,-0.701,0.35200000000000004,-0.087,0.7929999999999999,-0.5670000000000001,-0.013000000000000001
474,1,0,-1.993,1.725,-1.13,0.556,-1.2229999999999999,0.485,0.21100000000000002,-0.04,-0.294,-0.5479999999999999
475,1,0,-2.765,2.8169999999999997,-2.02,0.213,-0.772,0.852,0.252,-0.193,-0.20199999999999999,-0.09300000000000001
476,1,0,-2.55,2.391,-1.137,0.09,-0.948,0.217,0.051,0.723,-0.5579999999999999,-0.204
477,1,0,-3.2969999999999997,2.88,-0.8590000000000001,-0.301,-1.02,0.7979999999999999,0.28800000000000003,0.855,-0.528,-0.662
478,1,0,-4.6930000000000005,3.1460000000000004,-0.136,0.5870000000000001,-0.731,1.055,-0.10400000000000001,-0.021,0.637,-0.192
479,1,0,-3.73,1.8719999999999999,-0.8009999999999999,0.555,-0.42700000000000005,0.7909999999999999,0.196,0.65,-0.7440000000000001,-0.37200000000000005
480,1,0,-3.0189999999999997,0.057999999999999996,-1.265,1.4969999999999999,0.171,1.9969999999999999,0.17800000000000002,0.847,-1.16,-0.5479999999999999
481,1,0,-3.339,1.004,-0.747,1.505,-0.068,1.0070000000000001,-0.017,0.377,-0.775,-0.899
482,1,0,-2.008,0.785,-1.489,0.654,-0.685,0.313,-0.085,0.856,-0.516,-0.053
483,1,0,-3.2310000000000003,3.003,-1.161,-0.315,-0.816,0.87,0.311,0.677,-0.565,-0.7
484,1,0,-4.033,4.071000000000001,-0.586,0.127,-1.4469999999999998,0.62,0.19699999999999998,0.711,0.48,-0.306
485,1,0,-4.13,3.105,-1.141,0.183,-0.498,1.324,-0.39899999999999997,0.675,-0.33899999999999997,-0.6940000000000001
486,1,0,-4.718,3.281,-0.203,0.6509999999999999,-0.883,1.413,-0.6629999999999999,0.583,0.237,-0.307
487,1,0,-3.7,1.841,-0.675,0.441,-0.38299999999999995,0.89,0.17600000000000002,0.594,-0.677,-0.408
488,1,0,-2.9730000000000003,0.036000000000000004,-1.273,1.5190000000000001,0.195,1.98,0.131,0.8320000000000001,-1.157,-0.547
489,1,0,-1.929,0.777,-1.415,0.598,-0.579,0.215,-0.061,0.733,-0.33299999999999996,-0.235
490,1,0,-1.9280000000000002,1.578,-0.997,0.672,-1.287,0.381,0.249,0.006,-0.16699999999999998,-0.637
491,1,0,-3.173,3.1660000000000004,-1.501,-0.37,-0.43700000000000006,0.9740000000000001,0.179,0.556,-0.794,-0.5489999999999999
492,1,0,-4.13,3.2910000000000004,-1.4240000000000002,0.359,-0.273,1.297,-0.45399999999999996,0.62,-0.527,-0.7090000000000001
493,1,0,-4.753,3.4210000000000003,-0.18899999999999997,0.6559999999999999,-0.9840000000000001,1.443,-0.652,0.546,0.12300000000000001,-0.326
494,1,0,-3.5869999999999997,1.193,-0.617,1.34,-0.022000000000000002,1.103,-0.07200000000000001,0.368,-0.8540000000000001,-0.767
495,1,0,-1.895,0.755,-1.3880000000000001,0.638,-0.614,0.24600000000000002,-0.033,0.693,-0.27,-0.34600000000000003
496,1,0,-3.1519999999999997,3.176,-1.5730000000000002,-0.204,-0.485,0.723,0.308,0.652,-0.872,-0.586
497,1,0,-4.064,4.106,-0.545,0.03,-1.645,0.904,0.10300000000000001,0.907,0.05,-0.322
498,1,0,-4.138999999999999,3.363,-1.464,0.45899999999999996,-0.066,1.045,-0.146,0.172,-0.124,-0.8640000000000001
499,1,0,-4.782,3.325,-0.071,0.6629999999999999,-0.9129999999999999,1.012,-0.033,-0.10300000000000001,0.483,-0.20199999999999999
500,1,0,-3.7310000000000003,1.9269999999999998,-0.705,0.45299999999999996,-0.37200000000000005,1.149,0.046,0.32299999999999995,-0.627,-0.331
501,1,0,-3.7110000000000003,1.3769999999999998,-0.584,1.4280000000000002,-0.033,1.062,-0.127,0.32799999999999996,-1.092,-0.565
502,1,0,-1.926,0.6890000000000001,-1.433,0.716,-0.588,0.26899999999999996,-0.044000000000000004,0.716,-0.245,-0.285
503,1,0,-1.9480000000000002,1.536,-1.012,0.537,-1.229,0.183,0.46,-0.002,-0.17800000000000002,-0.5760000000000001
504,1,0,-2.6910000000000003,2.1109999999999998,-1.067,0.174,-0.649,0.431,-0.017,0.655,-0.498,-0.292
505,1,0,-4.1739999999999995,3.54,-1.43,0.41700000000000004,0.267,0.9179999999999999,-0.11800000000000001,-0.267,-0.162,-0.71
506,1,0,-4.827,3.391,-0.099,0.599,-0.723,0.741,0.08900000000000001,-0.214,0.518,-0.07400000000000001
507,1,0,-3.735,2.096,-0.818,0.46299999999999997,-0.221,1.1440000000000001,0.023,0.22399999999999998,-0.745,-0.325
508,1,0,-3.117,0.146,-1.228,1.635,0.223,2.026,0.036000000000000004,0.569,-1.15,-0.767
509,1,0,-3.8710000000000004,1.694,-0.606,1.4280000000000002,0.044000000000000004,0.8440000000000001,-0.013000000000000001,0.126,-1.218,-0.5529999999999999
510,1,0,-2.029,0.698,-1.482,0.813,-0.6809999999999999,0.42200000000000004,0.016,0.7509999999999999,-0.3,-0.237
511,1,0,-1.9980000000000002,1.4969999999999999,-1.005,0.519,-1.236,0.39799999999999996,0.273,0.151,-0.319,-0.49
512,1,0,-2.9139999999999997,2.541,-1.567,0.067,-1.051,1.207,0.006,0.289,-0.325,-0.34299999999999997
513,1,0,-2.937,2.1830000000000003,-1.291,0.355,-0.37200000000000005,0.57,0.045,0.452,-0.705,-0.263
514,1,0,-3.239,2.9160000000000004,-1.406,-0.455,-0.45399999999999996,1.219,0.078,0.38299999999999995,-0.7759999999999999,-0.413
515,1,0,-4.069,4.205,-0.614,-0.06,-1.462,0.47600000000000003,0.381,0.589,0.405,-0.259
516,1,0,-4.235,3.775,-1.5930000000000002,0.8140000000000001,0.28800000000000003,0.805,-0.5660000000000001,-0.247,-0.409,-0.556
517,1,0,-3.7560000000000002,2.204,-0.716,0.529,-0.284,1.121,0.022000000000000002,0.127,-0.782,-0.39399999999999996
518,1,0,-4.066,0.39799999999999996,-0.382,1.679,0.121,1.617,0.504,-0.315,-0.226,-0.873
519,1,0,-2.966,0.659,-1.057,1.36,0.152,1.435,0.19699999999999998,0.9259999999999999,-0.45,-0.637
520,1,0,-2.695,1.119,-0.986,0.172,0.499,0.37200000000000005,0.08800000000000001,0.63,-0.721,-0.256
521,1,0,-2.4819999999999998,1.896,-1.2890000000000001,0.11199999999999999,0.285,0.096,0.022000000000000002,0.8320000000000001,-0.33299999999999996,-0.764
522,1,0,-2.742,2.7289999999999996,-0.129,-0.49,-0.573,0.868,0.07,0.7709999999999999,0.053,-0.9390000000000001
523,1,0,-2.434,2.903,-1.341,-0.41100000000000003,0.37200000000000005,0.843,-0.022000000000000002,0.336,0.12300000000000001,-0.747
524,1,0,-4.103,3.812,0.255,-0.10300000000000001,-0.9940000000000001,0.09699999999999999,-0.345,2.039,0.02,-0.43
525,1,0,-3.863,3.245,-0.996,0.486,-0.348,0.19,0.5579999999999999,1.3419999999999999,0.17600000000000002,-0.318
526,1,0,-4.611000000000001,2.9619999999999997,-0.856,1.161,-0.612,0.469,0.162,0.705,0.37,-0.9159999999999999
527,1,0,-3.548,1.611,-0.85,0.374,0.168,0.318,0.46299999999999997,0.863,-1.131,-0.33399999999999996
528,1,0,-4.052,0.35,-0.314,1.734,0.127,1.6669999999999998,0.512,-0.377,-0.358,-0.855
529,1,0,-3.034,0.6940000000000001,-1.0070000000000001,1.453,0.155,1.48,0.179,1.005,-0.54,-0.563
530,1,0,-2.667,1.1320000000000001,-1.054,0.23199999999999998,0.537,0.35200000000000004,0.163,0.55,-0.688,-0.295
531,1,0,-2.395,1.929,-1.496,0.37200000000000005,0.065,0.009,0.149,0.813,-0.484,-0.672
532,1,0,-2.464,2.755,-0.975,-0.6509999999999999,0.158,1.047,-0.145,0.203,0.24600000000000002,-0.745
533,1,0,-3.045,3.312,0.171,-0.605,-1.0270000000000001,0.924,0.353,0.897,0.365,-0.871
534,1,0,-4.0889999999999995,3.7119999999999997,0.315,-0.05,-0.929,0.018000000000000002,-0.35,1.77,0.244,-0.301
535,1,0,-3.989,3.582,-1.1,0.374,-0.12,0.29100000000000004,0.6629999999999999,0.96,0.023,-0.47700000000000004
536,1,0,-3.707,1.486,-0.494,0.402,0.183,0.18600000000000003,0.23399999999999999,1.0290000000000001,-0.856,-0.408
537,1,0,-3.8939999999999997,0.11699999999999999,-0.40700000000000003,1.973,0.043,1.891,0.41100000000000003,-0.095,-0.436,-1.015
538,1,0,-3.053,0.716,-1.024,1.422,0.184,1.473,0.261,0.983,-0.431,-0.7170000000000001
539,1,0,-2.303,1.954,-1.493,0.305,0.047,0.055999999999999994,0.026000000000000002,0.902,-0.522,-0.645
540,1,0,-2.79,2.665,0.036000000000000004,-0.44,-0.604,0.8109999999999999,0.098,0.723,0.134,-0.91
541,1,0,-3.0239999999999996,3.26,0.35,-0.5770000000000001,-1.183,0.872,0.556,0.762,0.395,-0.665
542,1,0,-3.983,3.695,0.096,-0.33299999999999996,-1.01,0.16899999999999998,-0.10800000000000001,1.6740000000000002,0.262,-0.231
543,1,0,-3.7889999999999997,1.42,-0.37200000000000005,0.568,0.12300000000000001,0.185,0.078,1.006,-0.722,-0.391
544,1,0,-3.033,0.7,-1.077,1.266,0.196,1.453,0.317,0.9470000000000001,-0.324,-0.828
545,1,0,-2.6,1.219,-1.315,0.589,0.311,0.364,0.451,0.35,-0.556,-0.314
546,1,0,-2.316,2.0069999999999997,-1.365,0.18100000000000002,0.20600000000000002,0.071,0.037000000000000005,0.8140000000000001,-0.332,-0.753
547,1,0,-2.7,2.6860000000000004,-0.043,-0.528,-0.626,0.917,0.16699999999999998,0.652,0.1,-0.937
548,1,0,-2.444,2.529,-0.48700000000000004,-0.8140000000000001,-0.151,1.285,0.077,-0.064,0.287,-0.638
549,1,0,-2.969,3.128,0.504,-0.48700000000000004,-1.371,0.7040000000000001,0.66,0.6759999999999999,0.469,-0.525
550,1,0,-3.878,3.8160000000000003,-0.155,-0.6679999999999999,-1.207,0.541,0.022000000000000002,1.972,-0.028999999999999998,-0.29
551,1,0,-3.8960000000000004,2.7680000000000002,-0.816,-0.013999999999999999,-0.125,0.168,0.307,1.203,0.24600000000000002,-0.11800000000000001
552,1,0,-4.717,3.0589999999999997,-0.682,0.532,-0.48,0.731,0.174,0.493,0.635,-0.473
553,1,0,-3.6889999999999996,1.367,-0.389,0.376,0.136,0.34299999999999997,0.156,1.01,-0.611,-0.551
554,1,0,-3.6439999999999997,-0.215,-0.579,2.307,0.046,1.945,0.28,0.272,-0.539,-1.226
555,1,0,-3.034,0.452,-0.946,0.9309999999999999,0.128,1.514,0.142,0.932,-0.10400000000000001,-0.9740000000000001
556,1,0,-2.8169999999999997,1.268,-1.127,0.7070000000000001,0.39899999999999997,0.406,0.289,0.319,-0.691,-0.379
557,1,0,-2.3819999999999997,1.984,-1.0959999999999999,-0.10300000000000001,0.369,0.204,-0.125,0.752,-0.136,-0.9590000000000001
558,1,0,-2.54,2.925,-0.377,-0.745,-0.562,0.981,0.303,0.539,0.127,-0.9590000000000001
559,1,0,-2.505,2.358,-0.184,-0.792,-0.316,1.3630000000000002,0.302,-0.121,0.214,-0.622
560,1,0,-2.951,2.64,0.8320000000000001,-0.387,-1.5019999999999998,0.272,0.7559999999999999,0.5379999999999999,0.616,-0.39899999999999997
561,1,0,-3.9789999999999996,3.661,0.16899999999999998,-0.598,-1.412,0.569,0.009,1.939,0.094,-0.149
562,1,0,-4.083,2.315,-0.375,0.52,-0.019,-0.21100000000000002,-0.172,1.054,0.387,0.168
563,1,0,-4.805,3.228,-0.501,0.602,-0.532,0.745,0.09,0.445,0.7559999999999999,-0.42
564,1,0,-3.661,1.2919999999999998,-0.433,0.34,0.098,0.363,0.24600000000000002,0.9109999999999999,-0.415,-0.507
565,1,0,-3.3369999999999997,-0.34700000000000003,-0.79,2.129,-0.057999999999999996,2.079,0.295,0.24600000000000002,-0.687,-1.2409999999999999
566,1,0,-3.0,0.217,-0.855,0.8029999999999999,-0.008,1.795,-0.01,1.07,-0.061,-1.046
567,1,0,-3.0469999999999997,1.2670000000000001,-0.799,0.507,0.524,0.507,0.044000000000000004,0.302,-0.731,-0.431
568,1,0,-2.544,2.725,-0.067,-0.787,-0.903,0.97,0.524,0.32,0.28300000000000003,-0.8220000000000001
569,1,0,-3.015,2.219,0.996,-0.455,-1.514,0.047,0.8640000000000001,0.46799999999999997,0.657,-0.34299999999999997
570,1,0,-4.122,3.177,0.529,-0.17600000000000002,-1.307,0.132,-0.27899999999999997,1.3530000000000002,0.45799999999999996,-0.009
571,1,0,-4.047,2.6260000000000003,-0.597,0.823,-0.266,0.048,0.049,0.882,0.359,-0.203
572,1,0,-4.893,3.37,-0.46399999999999997,0.5379999999999999,-0.327,0.496,0.27,0.47,0.742,-0.141
573,1,0,-2.9130000000000003,0.757,-0.8190000000000001,1.245,0.419,1.17,0.051,0.32799999999999996,-0.96,-0.614
574,1,0,-2.012,1.1340000000000001,-1.0290000000000001,0.205,0.6609999999999999,0.359,0.456,0.37200000000000005,-0.9390000000000001,-0.613
575,1,0,-2.101,1.5019999999999998,-0.322,-0.363,0.026000000000000002,0.11599999999999999,0.162,-0.07400000000000001,-0.106,-0.397
576,1,0,-2.565,1.871,-0.26899999999999996,0.187,-0.6559999999999999,0.267,-0.32799999999999996,0.184,0.348,-0.511
577,1,0,-2.346,1.604,-0.28300000000000003,0.39299999999999996,-0.41600000000000004,0.268,-0.46299999999999997,0.387,0.253,-0.504
578,1,0,-3.008,2.8819999999999997,-0.9,0.214,-0.565,-0.19699999999999998,0.449,0.305,0.413,-0.3
579,1,0,-3.823,3.536,-2.07,0.245,-0.442,1.125,0.73,0.5379999999999999,-0.006,-0.64
580,1,0,-4.019,3.52,-1.058,-0.2,-0.545,1.348,0.35100000000000003,0.82,-0.868,-0.434
581,1,0,-3.2089999999999996,1.85,-0.39399999999999996,0.555,0.425,0.313,0.067,0.077,-0.163,-0.9440000000000001
582,1,0,-2.377,-0.266,-1.371,1.09,0.24,1.8430000000000002,0.107,0.7020000000000001,-1.256,-0.62
583,1,0,-2.9610000000000003,0.7659999999999999,-0.8,0.9620000000000001,0.6579999999999999,1.012,0.34700000000000003,-0.015,-0.425,-0.746
584,1,0,-2.207,1.09,-0.627,0.024,0.912,0.662,0.24100000000000002,0.348,-0.7020000000000001,-0.912
585,1,0,-2.131,1.4869999999999999,-0.302,-0.272,0.012,0.067,0.149,0.022000000000000002,-0.133,-0.322
586,1,0,-2.596,1.867,-0.20800000000000002,0.20800000000000002,-0.574,0.146,-0.214,0.11599999999999999,0.395,-0.541
587,1,0,-3.117,2.8760000000000003,-0.746,-0.047,-0.42700000000000005,-0.053,0.45299999999999996,0.305,0.541,-0.489
588,1,0,-3.911,3.7030000000000003,-1.965,0.132,-0.209,0.929,0.8109999999999999,0.495,-0.142,-0.519
589,1,0,-3.265,1.933,-0.316,0.602,0.43799999999999994,0.336,0.048,0.134,-0.16,-0.991
590,1,0,-2.3819999999999997,-0.294,-1.3969999999999998,1.051,0.21100000000000002,1.901,0.151,0.654,-1.286,-0.609
591,1,0,-2.9410000000000003,0.71,-0.855,0.902,0.635,0.924,0.466,0.01,-0.342,-0.588
592,1,0,-2.306,1.0859999999999999,-0.59,0.106,0.9309999999999999,0.733,0.213,0.27399999999999997,-0.684,-0.9109999999999999
593,1,0,-2.162,1.5330000000000001,-0.267,-0.287,-0.026000000000000002,0.122,0.168,-0.024,-0.268,-0.27
594,1,0,-2.639,1.88,-0.389,0.204,-0.5710000000000001,0.094,-0.233,0.27899999999999997,0.426,-0.598
595,1,0,-2.458,1.5859999999999999,-0.359,0.376,-0.244,0.134,-0.163,0.298,0.444,-0.711
596,1,0,-3.977,3.6839999999999997,-1.242,-0.364,-0.217,0.594,0.759,0.6,0.069,-0.25
597,1,0,-4.093999999999999,3.5860000000000003,-0.845,-0.026000000000000002,-0.5379999999999999,0.9640000000000001,0.6659999999999999,0.647,-0.41200000000000003,-0.47700000000000004
598,1,0,-4.138,1.128,-0.601,1.5530000000000002,-0.019,2.039,-0.17600000000000002,0.262,-0.551,-0.36200000000000004
599,1,0,-3.242,1.8019999999999998,-0.48200000000000004,0.6990000000000001,0.424,0.337,0.115,0.272,-0.205,-1.074
600,1,0,-2.4530000000000003,-0.32,-1.368,1.04,0.174,1.985,0.158,0.59,-1.318,-0.5870000000000001
601,1,0,-2.957,0.596,-0.7559999999999999,0.89,0.58,0.836,0.5429999999999999,0.036000000000000004,-0.23199999999999998,-0.579
602,1,0,-2.289,1.1059999999999999,-0.816,0.228,0.867,0.616,0.33799999999999997,0.298,-0.843,-0.8320000000000001
603,1,0,-2.175,1.631,-0.331,-0.203,-0.159,0.24600000000000002,0.18,-0.09300000000000001,-0.35100000000000003,-0.267
604,1,0,-2.7230000000000003,1.975,-0.636,0.336,-0.677,0.156,-0.342,0.479,0.381,-0.7290000000000001
605,1,0,-2.58,1.608,-0.311,0.273,-0.14800000000000002,0.262,-0.062,0.16699999999999998,0.337,-0.6920000000000001
606,1,0,-3.3110000000000004,2.946,-0.8079999999999999,-0.3,-0.457,0.324,0.515,0.149,0.5329999999999999,-0.718
607,1,0,-4.052,3.747,-1.24,-0.299,-0.426,0.917,0.517,0.716,-0.21,-0.125
608,1,0,-4.319,1.338,-0.5489999999999999,1.6780000000000002,0.027000000000000003,1.922,-0.228,0.161,-0.47,-0.442
609,1,0,-3.3289999999999997,1.788,-0.517,0.597,0.503,0.278,0.121,0.17600000000000002,-0.159,-0.98
610,1,0,-2.46,-0.325,-1.4040000000000001,0.9279999999999999,0.122,2.049,0.27399999999999997,0.532,-1.113,-0.769
611,1,0,-2.904,0.45799999999999996,-0.6559999999999999,0.8320000000000001,0.61,0.805,0.568,0.040999999999999995,-0.114,-0.615
612,1,0,-2.318,1.097,-0.8320000000000001,0.26,0.821,0.588,0.402,0.327,-0.852,-0.773
613,1,0,-2.733,2.026,-0.71,0.377,-0.774,0.284,-0.469,0.693,0.205,-0.74
614,1,0,-2.7289999999999996,1.595,-0.15,0.16699999999999998,0.015,0.377,0.083,-0.038,0.166,-0.672
615,1,0,-3.338,3.033,-1.189,-0.26899999999999996,-0.364,0.544,0.491,0.14800000000000002,0.365,-0.9309999999999999
616,1,0,-4.1419999999999995,3.4539999999999997,-0.653,0.271,-0.598,0.7929999999999999,0.563,0.52,-0.11800000000000001,-0.33
617,1,0,-4.457,1.5119999999999998,-0.514,1.764,0.063,1.86,-0.332,0.18899999999999997,-0.521,-0.415
618,1,0,-3.407,1.821,-0.675,0.765,0.256,0.469,-0.09,0.322,-0.387,-0.968
619,1,0,-2.391,-0.34700000000000003,-1.474,0.843,0.08900000000000001,2.021,0.41700000000000004,0.502,-0.86,-0.978
620,1,0,-2.9189999999999996,0.46299999999999997,-0.716,0.9570000000000001,0.635,0.833,0.501,0.048,-0.134,-0.638
621,1,0,-2.104,1.6,-0.297,-0.071,-0.172,0.285,0.152,-0.08900000000000001,-0.29600000000000004,-0.37
622,1,0,-2.7060000000000004,2.07,-0.691,0.31,-0.745,0.266,-0.413,0.602,0.36,-0.713
623,1,0,-3.339,3.011,-1.264,-0.34299999999999997,-0.11900000000000001,0.498,0.589,0.078,0.221,-0.8220000000000001
624,1,0,-4.039,3.6889999999999996,-1.0070000000000001,-0.139,-0.542,0.5870000000000001,0.535,0.465,0.19399999999999998,0.168
625,1,0,-4.172,3.07,-0.7809999999999999,0.516,-0.627,1.006,0.531,0.441,-0.102,-0.456
626,1,0,-4.494,1.535,-0.495,1.715,0.044000000000000004,1.892,-0.36700000000000005,0.36200000000000004,-0.583,-0.29100000000000004
627,1,0,-3.285,1.547,-0.897,0.917,0.127,0.402,-0.011000000000000001,0.502,-0.557,-0.715
628,1,1,-3.415,-0.5379999999999999,0.24100000000000002,2.0380000000000003,0.622,1.0270000000000001,-0.701,-0.66,-0.418,0.7809999999999999
629,1,1,-3.4389999999999996,1.0070000000000001,0.02,1.4909999999999999,0.777,0.257,-0.777,-0.282,-0.7070000000000001,0.746
630,1,1,-2.0269999999999997,2.157,-0.297,-0.21100000000000002,-0.266,0.086,-0.17600000000000002,-0.179,-0.28300000000000003,0.292
631,1,1,-2.263,3.344,-1.165,-0.625,-0.159,0.9259999999999999,0.13,-0.33,-0.7829999999999999,0.31
632,1,1,-2.594,2.5839999999999996,-0.37,-0.524,-0.177,0.515,-0.13699999999999998,0.095,-0.731,0.07200000000000001
633,1,1,-3.44,3.2030000000000003,-0.698,-0.86,-0.542,1.5030000000000001,0.922,0.467,-0.183,-0.919
634,1,1,-3.9610000000000003,4.144,-0.934,-0.08900000000000001,-0.612,0.787,0.326,0.182,-0.48700000000000004,-0.7190000000000001
635,1,1,-4.471,3.1919999999999997,-0.161,0.11699999999999999,-0.327,0.406,-0.201,0.919,-0.716,-0.9329999999999999
636,1,1,-3.012,2.252,-0.8059999999999999,0.389,-0.11,0.649,-0.32799999999999996,0.321,-0.5589999999999999,0.23399999999999999
637,1,1,-3.303,0.7020000000000001,-0.209,1.6269999999999998,0.818,0.287,-0.541,-0.198,-0.7170000000000001,0.768
638,1,1,-2.64,1.3219999999999998,-0.111,0.861,0.026000000000000002,-0.354,-0.425,0.083,-0.235,0.7809999999999999
639,1,1,-1.9480000000000002,2.1430000000000002,-0.068,-0.21100000000000002,-0.23800000000000002,0.263,-0.27,-0.23800000000000002,-0.342,0.147
640,1,1,-2.489,2.401,-0.44,-0.36700000000000005,-0.069,0.5329999999999999,0.011000000000000001,0.11800000000000001,-0.621,-0.188
641,1,1,-2.7760000000000002,3.557,-0.435,-1.044,-0.5720000000000001,1.273,0.221,0.295,-0.986,-0.04
642,1,1,-3.3560000000000003,3.236,-0.653,-0.9,-0.6609999999999999,1.43,0.9009999999999999,0.395,-0.139,-0.726
643,1,1,-3.909,3.674,-0.648,0.08800000000000001,-0.365,0.19899999999999998,0.424,0.336,-0.012,-0.252
644,1,1,-4.386,3.055,0.075,-0.018000000000000002,-0.436,0.5660000000000001,-0.28800000000000003,0.9359999999999999,-0.5770000000000001,-1.01
645,1,1,-3.0669999999999997,2.549,-0.851,0.505,0.044000000000000004,0.574,-0.377,0.147,-0.606,0.18899999999999997
646,1,1,-3.699,-0.251,0.268,1.585,0.85,1.381,-0.867,-0.71,-0.19,0.5670000000000001
647,1,1,-3.266,0.5770000000000001,-0.261,1.4809999999999999,0.8740000000000001,0.301,-0.496,-0.012,-0.623,0.879
648,1,1,-2.676,1.411,-0.098,1.047,-0.04,-0.131,-0.56,-0.03,-0.192,0.705
649,1,1,-1.899,2.135,0.092,-0.11,-0.145,0.081,-0.067,-0.10400000000000001,-0.408,-0.099
650,1,1,-2.305,3.625,-1.203,-0.665,-0.29600000000000004,0.775,0.19699999999999998,-0.282,-0.8420000000000001,0.188
651,1,1,-2.489,2.379,-0.523,-0.158,-0.17800000000000002,0.406,0.198,0.059000000000000004,-0.589,-0.256
652,1,1,-2.898,3.3930000000000002,-0.409,-0.993,-0.5870000000000001,1.3219999999999998,0.24,0.231,-1.068,-0.094
653,1,1,-3.3760000000000003,3.327,-0.797,-0.8490000000000001,-0.6809999999999999,1.198,0.838,0.244,-0.298,-0.618
654,1,1,-4.283,2.8289999999999997,0.29600000000000004,0.086,-0.544,0.501,-0.317,0.995,-0.34,-1.113
655,1,1,-3.1889999999999996,2.62,-0.833,0.45,0.009,0.444,-0.348,0.126,-0.614,0.081
656,1,1,-3.49,-0.474,0.187,1.7469999999999999,0.733,1.307,-0.816,-0.787,-0.222,0.41
657,1,1,-3.155,0.613,-0.285,1.287,0.882,0.337,-0.624,0.067,-0.516,0.8909999999999999
658,1,1,-2.762,1.51,-0.145,1.157,-0.256,0.040999999999999995,-0.647,-0.324,-0.128,0.8059999999999999
659,1,1,-2.364,3.7430000000000003,-1.393,-0.361,-0.354,1.004,0.20800000000000002,-0.376,-1.046,0.722
660,1,1,-2.577,2.449,-0.38,0.174,-0.41,0.38299999999999995,0.19,0.09699999999999999,-0.489,-0.084
661,1,1,-2.9189999999999996,3.48,-0.823,-0.7509999999999999,-0.41600000000000004,1.045,0.609,0.18,-1.172,0.12300000000000001
662,1,1,-3.387,3.286,-0.747,-0.6990000000000001,-0.9,0.8909999999999999,0.875,0.46,-0.457,-0.636
663,1,1,-4.2989999999999995,2.775,0.244,0.177,-0.436,0.261,-0.308,1.175,-0.22699999999999998,-1.115
664,1,1,-3.2689999999999997,2.489,-0.76,0.35200000000000004,-0.092,0.43200000000000005,-0.27,0.242,-0.523,0.01
665,1,1,-2.852,-0.805,-0.313,1.565,0.688,1.4669999999999999,-0.664,-0.9159999999999999,-0.27899999999999997,0.489
666,1,1,-2.8360000000000003,1.561,-0.076,1.229,-0.29100000000000004,-0.036000000000000004,-0.369,-0.39299999999999996,-0.18100000000000002,0.85
667,1,1,-2.021,2.4930000000000003,-0.41600000000000004,-0.11599999999999999,0.094,-0.033,-0.4,-0.08,-0.136,0.069
668,1,1,-2.411,3.85,-1.405,-0.302,-0.39799999999999996,1.069,0.21600000000000003,-0.29100000000000004,-1.1159999999999999,1.043
669,1,1,-2.708,2.56,-0.439,0.324,-0.348,0.429,0.091,-0.037000000000000005,-0.434,0.344
670,1,1,-2.883,3.576,-1.198,-0.562,-0.162,0.9740000000000001,0.764,-0.03,-1.023,0.34600000000000003
671,1,1,-3.39,3.4219999999999997,-0.718,-0.667,-0.871,0.7879999999999999,0.9590000000000001,0.555,-0.48200000000000004,-0.7240000000000001
672,1,1,-4.513,3.08,0.068,0.05,-0.484,0.341,-0.257,1.3019999999999998,-0.517,-1.057
673,1,1,-3.292,2.595,-0.578,0.42,-0.233,0.391,-0.24100000000000002,0.43700000000000006,-0.541,-0.021
674,1,1,-2.5269999999999997,-0.9259999999999999,-0.5710000000000001,1.6130000000000002,0.628,1.229,-0.687,-0.8079999999999999,-0.354,0.625
675,1,1,-3.498,1.669,0.076,1.53,0.38,-0.135,-0.8140000000000001,-0.20800000000000002,-0.307,1.053
676,1,1,-2.026,2.4330000000000003,-0.41100000000000003,0.064,0.223,-0.027000000000000003,-0.424,-0.009,-0.305,0.345
677,1,1,-2.46,3.7060000000000004,-1.304,-0.33899999999999997,-0.48700000000000004,1.125,0.187,-0.21100000000000002,-1.068,0.9440000000000001
678,1,1,-2.8789999999999996,2.662,-0.5720000000000001,0.425,-0.248,0.213,0.17600000000000002,-0.281,-0.40399999999999997,0.605
679,1,1,-2.818,3.685,-1.413,-0.5579999999999999,0.025,0.871,0.688,-0.14400000000000002,-0.93,0.282
680,1,1,-3.3960000000000004,3.867,-1.0290000000000001,-0.603,-0.573,0.78,1.209,0.228,-0.6729999999999999,-0.562
681,1,1,-3.905,3.147,-1.2590000000000001,0.304,-0.21600000000000003,1.055,0.578,0.353,-0.517,-0.871
682,1,1,-4.5680000000000005,3.344,-0.005,-0.092,-0.546,0.479,-0.168,1.186,-0.565,-1.025
683,1,1,-3.35,2.713,-0.47200000000000003,0.4,-0.196,0.248,-0.22399999999999998,0.53,-0.358,-0.091
684,1,1,-4.711,1.166,1.244,1.746,0.311,-0.305,-0.691,-0.13699999999999998,-0.28800000000000003,1.023
685,1,1,-4.0569999999999995,1.925,0.521,1.331,0.273,-0.16699999999999998,-0.365,-0.665,-0.512,0.716
686,1,1,-3.097,1.385,-0.17300000000000001,1.392,-0.613,-0.14300000000000002,-0.013999999999999999,-0.565,-0.065,1.129
687,1,1,-2.931,1.85,-0.8959999999999999,0.685,-1.0,0.504,0.212,-0.276,-0.203,0.595
688,1,1,-2.9419999999999997,2.642,-1.217,0.384,-0.9940000000000001,1.4669999999999999,0.134,-0.45799999999999996,-0.465,0.6459999999999999
689,1,1,-3.065,1.781,-0.915,0.698,0.175,0.662,-0.086,-0.361,-0.774,0.951
690,1,1,-3.318,3.395,-1.706,0.753,-0.214,1.431,-0.0,-0.192,-1.33,0.03
691,1,1,-4.039,2.061,-0.727,0.888,0.302,0.413,-0.381,-0.19399999999999998,-0.614,0.41
692,1,1,-3.483,2.628,-0.38299999999999995,0.838,0.2,0.102,-0.162,-0.547,-0.7909999999999999,1.018
693,1,1,-4.689,1.015,1.3119999999999998,1.8019999999999998,0.313,-0.405,-0.6629999999999999,0.106,-0.325,0.838
694,1,1,-4.013,2.101,0.295,1.2919999999999998,0.45,-0.024,-0.565,-0.588,-0.34299999999999997,0.695
695,1,1,-2.972,1.151,-0.293,1.609,-0.7240000000000001,0.12300000000000001,-0.087,-0.8009999999999999,0.04,1.07
696,1,1,-3.029,1.7469999999999999,-0.899,0.674,-1.046,0.5579999999999999,0.204,-0.155,-0.237,0.655
697,1,1,-2.926,2.673,-1.242,0.396,-1.0290000000000001,1.548,0.05,-0.5920000000000001,-0.331,0.595
698,1,1,-3.7969999999999997,4.314,-1.5959999999999999,-0.47600000000000003,0.044000000000000004,0.903,0.129,-0.141,-0.6459999999999999,-0.318
699,1,1,-4.045,2.377,-0.3,2.002,0.826,-0.18,-0.768,-0.408,-0.787,0.156
700,1,1,-3.455,2.5610000000000004,-0.42100000000000004,0.847,0.33,0.057,-0.177,-0.494,-0.7859999999999999,0.951
701,1,1,-4.756,1.197,1.431,1.54,0.262,-0.27699999999999997,-0.741,0.075,-0.26,0.8759999999999999
702,1,1,-3.9989999999999997,2.138,0.295,1.0859999999999999,0.6990000000000001,-0.127,-0.634,-0.4,-0.505,0.856
703,1,1,-2.964,1.1540000000000001,-0.373,1.511,-0.583,0.152,-0.012,-0.9490000000000001,-0.054000000000000006,1.16
704,1,1,-3.053,1.518,-0.7290000000000001,0.828,-1.2109999999999999,0.499,0.326,-0.136,-0.263,0.75
705,1,1,-2.967,2.781,-1.2770000000000001,0.354,-0.9359999999999999,1.505,-0.004,-0.418,-0.56,0.725
706,1,1,-3.2060000000000004,1.899,-0.9329999999999999,0.733,0.261,0.565,-0.225,-0.33899999999999997,-0.677,0.765
707,1,1,-3.492,3.446,-1.734,0.705,-0.23,1.339,0.092,-0.698,-1.143,-0.05
708,1,1,-3.847,4.268,-1.521,-0.465,-0.23,1.067,-0.02,0.005,-0.5770000000000001,-0.509
709,1,1,-4.001,2.2840000000000003,-0.365,2.106,1.006,-0.027999999999999997,-0.825,-0.39,-0.898,0.099
710,1,1,-3.446,2.44,-0.37,0.9259999999999999,0.19399999999999998,0.141,-0.098,-0.557,-0.889,0.985
711,1,1,-4.763,1.305,1.2309999999999999,1.548,0.308,-0.152,-0.792,-0.124,-0.107,0.885
712,1,1,-2.965,1.124,-0.349,1.581,-0.6659999999999999,0.125,-0.025,-0.887,-0.13,1.11
713,1,1,-3.055,1.4,-0.6859999999999999,0.9640000000000001,-1.29,0.545,0.337,-0.299,-0.17300000000000001,0.69
714,1,1,-2.964,2.8110000000000004,-1.317,0.324,-0.7809999999999999,1.369,0.127,-0.368,-0.677,0.493
715,1,1,-3.554,3.386,-1.703,0.555,-0.07200000000000001,1.073,0.237,-0.625,-1.067,-0.17600000000000002
716,1,1,-3.852,4.2139999999999995,-1.556,-0.336,-0.305,1.133,-0.152,0.237,-0.915,-0.445
717,1,1,-3.985,2.1919999999999997,-0.426,2.1630000000000003,1.114,0.016,-0.846,-0.46799999999999997,-0.858,0.037000000000000005
718,1,1,-3.51,2.535,-0.26,0.946,-0.07200000000000001,0.159,-0.11199999999999999,-0.657,-0.789,0.914
719,1,1,-2.9589999999999996,1.061,-0.35100000000000003,1.745,-0.851,0.344,-0.373,-0.7290000000000001,0.048,0.815
720,1,1,-3.194,1.589,-0.774,0.8140000000000001,-1.087,0.618,0.218,-0.45,-0.003,0.526
721,1,1,-2.928,2.83,-1.361,0.32299999999999995,-0.7390000000000001,1.431,0.002,-0.172,-0.9390000000000001,0.607
722,1,1,-3.4560000000000004,2.0269999999999997,-0.862,0.887,0.281,0.435,-0.307,-0.387,-0.6,0.725
723,1,1,-3.52,3.318,-1.867,0.691,0.263,0.8220000000000001,0.14,-0.62,-1.0979999999999999,0.083
724,1,1,-3.838,4.252,-1.621,-0.21899999999999997,-0.281,0.856,0.154,0.133,-0.92,-0.45399999999999996
725,1,1,-3.8569999999999998,2.133,-0.58,0.996,0.502,0.65,-0.28300000000000003,-0.46799999999999997,-0.983,0.613
726,1,1,-4.062,2.358,-0.31,1.895,1.095,0.049,-0.87,-0.524,-0.98,-0.065
727,1,1,-3.591,2.78,-0.301,0.812,-0.008,-0.019,-0.268,-0.564,-0.7879999999999999,0.948
728,1,1,-3.917,1.925,0.267,1.361,0.45299999999999996,-0.19,-0.242,-0.633,-0.62,1.0390000000000001
729,1,1,-3.0039999999999996,1.09,-0.32799999999999996,1.652,-0.679,0.287,-0.297,-0.695,-0.145,0.71
730,1,1,-2.9019999999999997,2.7960000000000003,-1.199,0.23399999999999999,-0.821,1.2570000000000001,0.263,-0.075,-1.103,0.41700000000000004
731,1,1,-3.5669999999999997,2.081,-0.579,0.845,0.126,0.381,-0.179,-0.51,-0.846,0.987
732,1,1,-3.57,3.41,-1.5759999999999998,0.563,0.002,0.759,0.285,-0.466,-1.409,0.586
733,1,1,-3.792,4.29,-1.531,-0.125,-0.312,0.624,0.324,-0.053,-0.9420000000000001,-0.301
734,1,1,-3.862,2.109,-0.65,0.99,0.7240000000000001,0.6409999999999999,-0.293,-0.519,-1.055,0.653
735,1,1,-4.118,2.542,-0.2,1.6159999999999999,1.1059999999999999,-0.06,-0.728,-0.544,-0.912,-0.10099999999999999
736,1,1,-3.636,2.719,-0.17800000000000002,0.665,0.099,-0.084,-0.33299999999999996,-0.36200000000000004,-1.0490000000000002,0.978
737,1,1,-4.047,0.9129999999999999,0.7340000000000001,1.479,0.258,0.20600000000000002,-1.117,-0.423,-0.336,0.982
738,1,1,-3.1189999999999998,3.135,-1.466,-0.35200000000000004,-0.023,0.752,0.14300000000000002,-0.231,-0.376,0.721
739,1,1,-2.8710000000000004,3.13,-1.3,0.008,-0.28800000000000003,0.483,0.258,-0.342,-0.614,0.83
740,1,1,-3.642,3.582,-1.031,-0.7609999999999999,0.046,1.255,0.841,0.512,-0.259,-0.447
741,1,1,-3.977,2.9760000000000004,0.309,-0.259,0.026000000000000002,0.816,-0.317,0.49200000000000005,-0.674,-0.659
742,1,1,-4.008,2.141,-0.18,1.041,0.688,0.7120000000000001,-0.879,-0.201,-1.0659999999999998,-0.5489999999999999
743,1,1,-3.451,2.2569999999999997,-0.845,0.43200000000000005,0.486,0.266,-0.215,0.006,-1.082,0.759
744,1,1,-3.8360000000000003,0.508,0.645,1.7209999999999999,0.28,0.303,-0.9109999999999999,-0.5920000000000001,-0.631,1.023
745,1,1,-3.7089999999999996,1.665,0.138,1.551,0.975,0.9229999999999999,-0.396,-0.23399999999999999,-1.1540000000000001,0.736
746,1,1,-3.3689999999999998,1.784,-0.603,1.3030000000000002,0.007,-0.044000000000000004,-0.45899999999999996,-0.012,-0.591,1.047
747,1,1,-2.627,2.089,-1.4340000000000002,0.937,-0.615,0.43,-0.311,-0.203,0.038,0.9329999999999999
748,1,1,-3.074,3.062,-1.47,-0.379,0.233,0.789,-0.099,-0.135,-0.395,0.5720000000000001
749,1,1,-2.9019999999999997,2.988,-1.1520000000000001,0.057,-0.47700000000000004,0.622,0.33799999999999997,-0.368,-0.6890000000000001,0.7929999999999999
750,1,1,-3.634,3.589,-1.075,-0.7090000000000001,0.057999999999999996,1.051,0.878,0.627,-0.111,-0.43700000000000006
751,1,1,-3.924,2.7260000000000004,0.414,-0.155,-0.02,0.893,-0.188,0.552,-0.507,-0.617
752,1,1,-3.674,1.5130000000000001,0.038,1.604,0.907,1.045,-0.166,-0.295,-1.13,0.594
753,1,1,-3.242,1.615,-0.8290000000000001,1.589,0.09,0.051,-0.504,-0.21100000000000002,-0.513,1.005
754,1,1,-3.052,3.0589999999999997,-1.6680000000000001,-0.20800000000000002,0.466,0.7240000000000001,-0.237,-0.175,-0.315,0.41100000000000003
755,1,1,-2.918,2.897,-1.069,-0.077,-0.261,0.55,0.317,-0.322,-0.7759999999999999,0.79
756,1,1,-3.048,2.8169999999999997,-0.703,-0.396,-0.639,0.92,0.674,0.6859999999999999,-0.611,-0.053
757,1,1,-3.66,3.6180000000000003,-1.051,-0.748,0.08,1.022,0.914,0.613,0.023,-0.44799999999999995
758,1,1,-4.093999999999999,2.499,-0.149,1.0170000000000001,0.6829999999999999,0.536,-1.023,-0.127,-1.1420000000000001,-0.42100000000000004
759,1,1,-3.3960000000000004,2.2569999999999997,-0.602,0.40700000000000003,0.204,0.366,0.067,0.044000000000000004,-1.3519999999999999,0.871
760,1,1,-3.572,0.228,0.52,1.791,0.382,0.573,-0.961,-0.74,-0.9359999999999999,1.0070000000000001
761,1,1,-3.5839999999999996,1.252,-0.062,1.646,0.787,1.1340000000000001,0.096,-0.292,-1.133,0.47200000000000003
762,1,1,-3.2319999999999998,1.551,-0.8320000000000001,1.6740000000000002,-0.042,0.29600000000000004,-0.5529999999999999,-0.44299999999999995,-0.413,0.96
763,1,1,-2.6430000000000002,2.021,-1.265,0.759,-0.442,0.159,-0.032,-0.145,-0.16399999999999998,0.86
764,1,1,-3.05,3.055,-1.598,-0.12,0.14400000000000002,0.757,0.11900000000000001,-0.397,-0.396,0.47700000000000004
765,1,1,-2.938,2.782,-1.111,-0.076,0.0,0.5820000000000001,0.252,-0.4,-0.773,0.838
766,1,1,-3.095,2.8510000000000004,-0.816,-0.396,-0.603,1.09,0.5670000000000001,0.743,-0.677,0.052000000000000005
767,1,1,-3.7060000000000004,3.627,-0.889,-0.789,-0.09300000000000001,1.2229999999999999,0.8140000000000001,0.563,0.062,-0.449
768,1,1,-3.946,2.545,0.447,-0.001,0.043,0.7879999999999999,-0.102,0.68,-0.637,-0.545
769,1,1,-3.325,2.141,-0.528,0.439,0.099,0.321,0.217,0.135,-1.3880000000000001,0.746
770,1,1,-3.4610000000000003,0.04,0.5529999999999999,1.854,0.386,0.568,-1.003,-0.638,-1.04,1.051
771,1,1,-3.5460000000000003,1.064,-0.006,1.455,0.847,1.117,0.073,-0.025,-1.318,0.557
772,1,1,-3.32,1.5530000000000002,-0.586,1.6880000000000002,-0.262,0.392,-0.478,-0.461,-0.522,0.929
773,1,1,-2.71,1.943,-1.247,0.772,-0.345,0.107,-0.062,0.04,-0.322,1.018
774,1,1,-3.0180000000000002,3.014,-1.486,-0.105,-0.131,0.929,0.226,-0.46299999999999997,-0.555,0.598
775,1,1,-2.904,2.741,-1.123,0.013999999999999999,0.071,0.654,0.212,-0.45399999999999996,-0.815,0.752
776,1,1,-3.176,2.997,-1.0979999999999999,-0.371,-0.418,1.318,0.48,0.47200000000000003,-0.8140000000000001,0.106
777,1,1,-3.7430000000000003,3.6289999999999996,-0.8740000000000001,-0.79,-0.312,1.7590000000000001,0.679,0.565,-0.521,-0.485
778,1,1,-3.952,2.489,0.287,0.012,0.141,0.892,-0.087,0.613,-0.685,-0.623
779,1,1,-4.211,2.8110000000000004,0.016,0.799,0.514,0.496,-1.219,-0.23800000000000002,-0.7979999999999999,-0.392
780,1,1,-3.3089999999999997,2.256,-0.615,0.365,0.251,0.439,0.011000000000000001,0.11900000000000001,-1.219,0.695
781,1,1,-3.62,1.0659999999999998,0.158,1.393,0.879,1.02,-0.09,0.087,-1.3330000000000002,0.585
782,1,1,-3.468,1.81,-0.39,1.55,-0.084,-0.008,-0.48200000000000004,-0.231,-0.7240000000000001,0.9670000000000001
783,1,1,-2.795,1.9569999999999999,-1.2590000000000001,0.79,-0.27399999999999997,0.078,-0.114,0.005,-0.309,1.1420000000000001
784,1,1,-3.002,2.944,-1.379,-0.188,-0.131,0.9570000000000001,0.34600000000000003,-0.392,-0.711,0.617
785,1,1,-2.924,2.7310000000000003,-1.138,0.066,0.1,0.6829999999999999,0.162,-0.39899999999999997,-0.882,0.8270000000000001
786,1,1,-3.239,3.083,-1.4269999999999998,-0.20199999999999999,-0.282,1.421,0.5760000000000001,0.068,-0.914,0.147
787,1,1,-3.753,3.605,-0.899,-0.747,-0.401,1.765,0.62,0.754,-0.835,-0.301
788,1,1,-3.98,2.459,0.068,0.023,0.237,1.0290000000000001,-0.18899999999999997,0.521,-0.773,-0.5
789,1,1,-4.263999999999999,2.925,0.065,0.794,0.32299999999999995,0.515,-1.2819999999999998,-0.14,-0.863,-0.39
